SMILES,LogS
O=CNC(N1CCN(C(NC=O)C(Cl)(Cl)Cl)CC1)C(Cl)(Cl)Cl,-4.19
OC(Cn1cncn1)(Cn1cncn1)c1ccc(F)cc1F,-1.8
CCCCCBr,-3.08
COP(=S)(OC)Oc1cc(Cl)c(I)cc1Cl,-6.62
Oc1ncc2nccnc2n1,-1.947
C1CCNC1.[Cl-].[H+],1.15
Clc1ccc(-c2c(Cl)cc(Cl)c(Cl)c2Cl)cc1Cl,-7.66
CN(C)C(=O)OC1=CC(=O)CC(C)(C)C1,-0.85
CC12CCC(=O)C=C1CCC1C2C(O)CC2(C)C1CCC2(O)C(=O)CO,-3.09
ClC1=C(Cl)C(Cl)(Cl)C(Cl)=C1Cl,-5.18
CN(C)C1C(=O)C(=C(N)O)C(=O)C2(O)C(=O)C3=C(O)c4c(O)ccc(Cl)c4C(O)C3CC12,-2.52
NC(=O)CCC(N)C(=O)O,-0.55
c1ccc(-c2ccccn2)nc1,-1.42
C=C(C)C1CC=C(C)CC1,-4.26
O=C(O)C=Cc1ccccc1,-2.48
c1ccc2c(c1)CCC2,-3.04
c1ccnnc1,1.1
CCc1ccccn1,0.51
CCCN(CCC)c1c([N+](=O)[O-])cc(C(C)C)cc1[N+](=O)[O-],-6.49
CCN(N=O)C(N)=O,-0.96
CN(C)C1C(=O)C(=C(N)O)C(=O)C2(O)C(=O)C3=C(O)c4c(O)ccc(Cl)c4C(O)C3CC12.[Cl-].[H+],-2.52
CC12CCC(=O)C=C1CCC1C2C(O)CC2(C)C(C(=O)CO)CCC12,-3.24
CCC#N,0.28
O=C(O)C1(O)c2ccccc2-c2ccc(Cl)cc21,-4.18
CCCC(=O)O,-0.19
CCOC(=O)c1ccccc1C(=O)OCC,-2.35
C=CC#N,0.15
CN1CCN(C2=Nc3cc(Cl)ccc3Nc3ccccc32)CC1,-3.24
CCCCCOC(C)=O,-1.89
ClC1=C(Cl)C2(Cl)C3C(Cl)C=CC3C1(Cl)C2(Cl)Cl,-6.317
CCCc1cc(=O)[nH]c(=S)[nH]1,-2.15
CCCCCCOC(=O)c1ccc(N)cc1,-3.95
O=[N+]([O-])c1ccccc1O,-1.74
Clc1cccc(-c2cccc(Cl)c2Cl)c1Cl,-7.28
CC(C)Cc1ccc(C(C)C(=O)NO)cc1,-3.04
Clc1ccc(-c2ccccc2)cc1,-5.2
CCCCCCCC(C)=O,-2.58
N=C(N)NS(=O)(=O)c1ccc(N)cc1,-1.99
N#Cc1cc(I)c(O)c(I)c1,-3.61
OCC(O)C(O)CO,0.7
CCc1cccc(CC)c1N(COC)C(=O)CCl,-3.26
CCSCCSP(=S)(OC)OC,-3.091
Clc1cc(Cl)c(Cl)c(-c2c(Cl)c(Cl)c(Cl)c(Cl)c2Cl)c1Cl,-10.41
CCCBr,-1.73
NC(N)=NS(=O)(=O)c1ccc(N)cc1,-1.99
CC(C)NCC(O)COc1cccc2ccccc12,-3.49
Sc1cnc2cncnc2n1,2.714
Clc1cc(Cl)cc(-c2cc(Cl)cc(Cl)c2)c1,-8.54
Clc1ccc2ccccc2c1,-4.14
Oc1cccc2ncccc12,-2.54
O=C(O)c1cc(O)c(O)c(O)c1,-1.16
CCCN(CCC)c1c([N+](=O)[O-])cc(S(N)(=O)=O)cc1[N+](=O)[O-],-5.16
CCNc1ccccc1,-1.7
CCC(C)(C)C,-3.55
CCOP(=S)(OCC)Oc1nc(Cl)n(C(C)C)n1,-3.658
Brc1ccc(I)cc1,-4.56
O=C(O)c1cccc(O)c1,-1.4644
CC(=O)Nc1ccc(I)cc1,-3.25
ClCCCCl,-1.62
O=CNc1ccccc1,-0.68
CCC(C)(C)O,0.15
O=Cc1ccc(O)c(Br)c1,-2.18
COC(=O)c1cc(Cl)cc(N)c1Cl,-3.26
CCCCOC(N)=O,-0.66
CC12CCC(=O)C=C1CCC1C2CCC2(C)C(C(=O)CO)CCC12,-3.45
N#CCCCl,-0.29
CCCN(CCC)C(=O)SCC,-2.7
Cc1ccc(C(=O)O)cc1,-2.6
NS(=O)(=O)c1cc2c(cc1Cl)N=C(CSCc1ccccc1)NS2(=O)=O,-4.83
Oc1ccccc1O,0.62
COc1cc(Cl)c(Cl)cc1O,-2.53
Cc1c([N+](=O)[O-])cc([N+](=O)[O-])cc1[N+](=O)[O-],-3.22
CC(C)CC(NC(=O)C(N)Cc1ccc(O)cc1)C(=O)O,-2.0709
c1ccc2ocnc2c1,-1.16
CN(C)C(=O)Nc1cccc(C(F)(F)F)c1,-3.43
c1ccc2[nH]c(-c3cscn3)nc2c1,-3.48
C1=CCC=CC1,-2.06
CCBr,-1.09
CCC(C)(C)c1ccccc1,-4.15
CCC=C(C)C1(CC)C(=O)NC(=O)NC1=O,2.298
O=c1[nH]cnc2[nH]ncc12,-2.266
O=C(C=CC=Cc1ccc2c(c1)OCO2)N1CCCCC1,-3.46
O=C1C(O)=C(C2CCC(c3ccc(Cl)cc3)CC2)C(=O)c2ccccc21,-5.931
Cn1nnnc1SCC1=C(C(=O)O)N2C(=O)C(NC(=O)C(O)c3ccccc3)C2SC1,0.699
Nc1ncn[nH]1,0.52
Cc1cccc2sc3nncn3c12,-2.07
c1ccc2n[nH]nc2c1,-0.78
CC(C)SC(C)C,-2.24
CCCC(=O)CCC,-1.3
c1ccc2ccccc2c1,-3.6
C=C(C)C1Cc2c(ccc3c2OC2COc4cc(OC)c(OC)cc4C2C3=O)O1,-4.42
Clc1cc2c(oc3cc(Cl)c(Cl)c(Cl)c32)c(Cl)c1Cl,-10.33
NCCC(O)C(=O)NC1CC(N)C(OC2OC(CN)C(O)C(O)C2O)C(O)C1OC1OC(CO)C(O)C(N)C1O,-0.5
CCc1ccc(CC)cc1,-3.75
CC(C)CC(N)C(=O)NC(Cc1ccc(O)cc1)C(=O)O,-1.5768
O=C(O)c1ccco1,-0.48
Cc1cc(C(=O)NNCc2ccccc2)no1,-2.461
Cc1ccc(S(=O)(=O)NC(=O)NC2CCCCC2)cc1,-4.21
Clc1ccc2c(c1)Oc1cc(Cl)ccc1O2,-7.18
CNC(=O)Oc1cccc(N=CN(C)C)c1.[Cl-].[H+],-2.34
CCN(CC)Cc1cc(Nc2ccnc3cc(Cl)ccc23)ccc1O,-5.7905
CCCCC(C)CC,-5.16
O=c1[nH]cc(F)c(=O)[nH]1,-1.077
Cc1c(N)c(=O)n(-c2ccccc2)n1C,-0.624
CCC1CN2CCC1CC2C(O)c1ccnc2ccccc12,-2.63
CC(C)[N+](=O)[O-],-0.62
COC(=O)C1C(OC(=O)c2ccccc2)CC2CCC1N2C,-2.23
Clc1cc(Cl)cc(Cl)c1,-4.48
O=C(O)CCC(=O)O,-0.2
S=C=Nc1cccc2ccccc12,-4.6
CSSC,-1.44
CCCCCCCCCCCCCCCCCCO,-8.4
O=C1NC(=O)C2(CCCCCCC2)C(=O)N1,-2.982
CCCCCCCBr,-4.43
C1=Cc2cccc3cccc1c23,-3.96
CC(=O)Oc1c([N+](=O)[O-])cc([N+](=O)[O-])c(C)c1C(C)(C)C,-4.47
COc1ccc2ccc(=O)oc2c1CC=C(C)C,-4.314
CCOP(=S)(CC)Oc1cc(Cl)c(Cl)cc1Cl,-5.752
CC1CC2C(C(O)CC3(C)C2CCC3(O)C(=O)CO)C2(C)C=CC(=O)C=C12,-2.99
O=C1C=C2CC3(O)COc4c(ccc(O)c4O)C3=C2C=C1O,-2.7
CCCCCCCCCCCCCCCCCCCC,-8.172
NC(Cc1cc(I)c(O)c(I)c1)C(=O)O,-2.86
Cc1cc(O)c2ccccc2n1,-1.2
CCCC(C)(C)O,-0.49
CCCOC(=O)c1ccc(N)cc1,-2.452
CCC(=O)N(c1ccccc1)C1(COC)CCN(CCc2cccs2)CC1,-3.71
O=C(O)c1cc(=O)[nH]c(=O)[nH]1,-1.93
CCc1ccc(C(c2ccc(CC)cc2)C(Cl)Cl)cc1,-7.04
CC(=O)OC1(C)CCC2C3CCC4=CC(=O)CCC4(C)C3CCC21C,-5.284
c1ccc(CN(CC2=NCCN2)c2ccccc2)cc1,-2.6
CC(=O)c1cccc(N)c1,-1.28
O=C(Nc1ccccc1)c1ccccc1O,-3.59
O=C(Nc1ccccc1)c1ccccc1I,-4.21
CC(Oc1ccccc1Cl)C(=O)O,-2.22
CCSC(=O)N(CC(C)C)CC(C)C,-3.68
Oc1c(Cl)cc(Cl)c(Cl)c1Cl,-3.1
COP(=S)(OC)SCC(=O)N(c1ccc(Cl)cc1)C(C)C,-4.432
Cc1c(C)c(C)c(C)c(C)c1C,-5.23
Cc1cc(C)c(C)cc1C,-4.59
CNC1CCC(c2ccc(Cl)c(Cl)c2)c2ccccc21,-4.83
CCC(=O)c1ccc(N)cc1,-2.63
Clc1cc(Cl)c(Cl)c(Cl)c1Cl,-5.65
OCC1OC(n2cnc3c(O)ncnc32)C(O)C1O,-1.23
CNC(=O)Oc1cccc2ccccc12,-3.224
Nc1[nH]c(=O)ncc1F,-0.97
BrC(Br)Br,-1.91
C=CCCCCCCC,-5.05
CN(C)C1C(=O)C(=C(N)O)C(=O)C2(O)C(=O)C3=C(O)c4c(O)cccc4C(C)(O)C3C(O)C12.O.O,-3.14
Nc1cccc2nc3ccccc3cc12,-4.22
O=[N+]([O-])c1ccccc1,-1.8
Cc1cccc(Nc2ccccc2C(=O)O)c1C,-3.78
CC12CC(=O)C3C(CCC4=CC(=O)CCC43C)C1CCC2=O,-3.48
C1=CCCC1,-2.1
S=c1cnc2cncnc2[nH]1,-2.71
CN1CCCC1c1cccnc1,0.79
Cc1nc2c(c(=O)n(C)c(=O)n2C)n1CC(C)C,1.614
CCCC(C)(O)CC,-0.98
Brc1cccc2ccccc12,-4.35
Clc1cc(Cl)c(-c2cc(Cl)c(Cl)cc2Cl)cc1Cl,-8.56
COP(=S)(OC)Oc1ccc([N+](=O)[O-])cc1,-3.68
CC1CCC(O)CC1,-0.88
COP(=S)(OC)Oc1ccc([N+](=O)[O-])cc1Cl,-4.31
CN(C)CCCN1c2ccccc2CCc2ccccc21,-4.19
Clc1cc2oc3cc(Cl)c(Cl)cc3c2cc1Cl,-8.86
CCOC(=O)NCCOc1ccc(Oc2ccccc2)cc1,-4.7
CCCC(=O)CC,-0.83
CCc1ccc(C)cc1,-3.11
NCc1ccccc1,-1.53
O=C(Cn1ccnc1[N+](=O)[O-])NCc1ccccc1,-2.81
Nc1ccccc1C(=O)O,-1.52
CC(C)=CC1C(C(=O)OCc2cccc(Oc3ccccc3)c2)C1(C)C,-5.24
CCOC(=O)c1ccccc1S(=O)(=O)NN(C=O)c1nc(Cl)cc(OC)n1,-4.576
C[N+](=O)[O-],0.26
Nc1cccc(Cl)c1,-1.37
CCOP(=S)(OCC)SCSP(=S)(OCC)OCC,-5.54
CC1CCCO1,0.11
O=c1c(O)c(-c2ccc(O)cc2O)oc2cc(O)cc(O)c12,-3.083
c1ccc2c3c(ccc2c1)-c1cccc2cccc-3c12,-8
Cc1cccc(C(=O)O)c1,-2.14
CCCC1COC(Cn2cncn2)(c2ccc(Cl)cc2Cl)O1,-3.493
CCN1c2ccccc2N(C)C(=O)c2cccnc21,-3.324
Oc1ccc2ccccc2c1,-2.28
Nc1ccc(S(=O)(=O)Nc2ccccn2)cc1,-2.7
CC1CCc2cc(F)cc3c(=O)c(C(=O)O)cn1c23,-3.7326
BrC1CCCCC1,-2.3
CC(C(=O)O)c1ccc(-c2ccccc2)c(F)c1,-4.49
CCC(C)CCO,-0.72
CCCCOC(=O)c1ccc(N)cc1,-3.082
CCC(Cl)CC,-2.63
CSc1ncnc2nccnc12,-1.76
CC(C(=O)O)c1cccc(C(=O)c2ccccc2)c1,-3.21
C1=CCCCCC1,-3.18
O=c1ccnc(S)[nH]1,-2.273
OCc1ccccc1O,-0.29
Clc1ccc(-c2c(Cl)cccc2Cl)cc1,-6.14
c1ccc(CCc2ccccc2)cc1,-4.62
Cc1nc2ccccc2[nH]1,-1.96
CSc1ncc2nccnc2n1,-2.36
Clc1ccc(-c2ccccc2Cl)cc1Cl,-6.29
CCN(CC)CCOC(=O)c1ccc(N)cc1,-1.4
Sc1ncnc2nccnc12,-2.36
CC(=O)C1CCC2C3CC=C4CC(O)CCC4(C)C3CCC12C,-4.65
Nc1c(Cl)c(Cl)nc(C(=O)O)c1Cl,-2.75
Cc1c2ccccc2c(C)c2ccccc12,-6.57
O=C(CCl)Nc1ccccc1,-1.4
CN1CCCCC1.[Cl-].[H+],0.23
CCC(C)O,0.47
O=C(O)Cc1ccccc1Oc1ccc(Cl)cc1Cl,3.943
CCNC(=S)NCC,-1.46
O=C(O)c1cccc([N+](=O)[O-])c1,-1.68
CC(C)C(=O)O,0.28
Nc1cnc2cncnc2n1,2.32
Cc1c2ccccc2c(C)c2c1ccc1ccccc12,-7.02
COc1ccc(C(c2ccc(OC)cc2)C(Cl)(Cl)Cl)cc1,-6.89
CC1(C)C2CCC1(C)C(O)C2,-2.32
Cn1cc(-c2ccccc2)c(=O)c(-c2cccc(C(F)(F)F)c2)c1,-4.445
NS(=O)(=O)c1cc2c(cc1C(F)(F)F)NCNS2(=O)=O,-2.97
Clc1ccc(Cl)c(-c2ccc(Cl)c(Cl)c2Cl)c1,-7.91
O=C1NC(=O)c2ccccc21,-2.61
CCCCCCc1ccc(O)cc1O,-2.59
COc1ccc(Cl)cc1,-2.78
CCC(C)C(C)(C)O,-0.89
Cc1cnc2cncnc2n1,-0.854
CCC(C)(O)CC,-0.36
C=CC1CN2CCC1CC2C(O)c1ccnc2ccc(OC)cc12,-3.37
COc1ccc(C2Sc3ccccc3N(CCN(C)C)C(=O)C2OC(C)=O)cc1,-3.1589
Clc1ccc(-c2cc(Cl)c(Cl)c(Cl)c2Cl)cc1Cl,-7.82
Nc1nc[nH]n1,0.522
CC(C)C(C(=O)OC(C#N)c1cccc(Oc2ccccc2)c1)c1ccc(OC(F)F)cc1,-6.876
CCC(=O)OC1CCC2C3CCC4=CC(=O)CCC4(C)C3CCC12C,-5.37
CC(C)(C)Cc1ccccc1,-4.15
C=CCC1(C(C)CCC)C(=O)NC(=S)NC1=O,-3.46
OCCO,0.08
ClC=C(Cl)C(Cl)=C(Cl)Cl,-4.23
COc1ccc2cc(C(C)C(=O)[O-])ccc2c1.[Na+],-4.16
CN(C)C1C(=O)C(=C(O)NCN2CCCC2)C(=O)C2(O)C(=O)C3=C(O)c4c(O)cccc4C(C)(O)C3CC12.O=[N+]([O-])O,-1.42
CC(C)Oc1cc(-n2nc(C(C)(C)C)oc2=O)c(Cl)cc1Cl,-5.696
CN1C(=O)c2cccnc2Oc2ccccc21,-3.672
O=Cc1ccc2c(c1)OCO2,-1.63
FC(F)(F)C(Cl)Br,-1.71
C=CCCCCCC,-4.44
CCCC=O,-0.01
CC(C)OC(=O)C(O)(c1ccc(Br)cc1)c1ccc(Br)cc1,-4.93
CC1(C)C(C=C(Cl)Cl)C1C(=O)OC(C#N)c1ccc(F)c(Oc2ccccc2)c1,-7.337
Clc1ccc(-c2ccccc2)c(Cl)c1,-5.25
CCCC,-2.57
CCCI,-2.29
CCCO,0.62
CC(C)(C)C(=O)C(Oc1ccc(Cl)cc1)n1cncn1,-3.61
CC(=O)OC(C)C,-0.55
CON(C)C(=O)Nc1ccc(Cl)c(Cl)c1,-3.592
CC(C)Br,-1.59
O=C(O)c1ccc2ccccc2c1,-3.77
C#CC1(OC(C)=O)CCC2C3CCC4=CC(=O)CCC4C3CCC21C,-4.8
c1cnc2c(c1)ccc1ncccc12,-2.68
CCCCC(C)=O,-0.8
CCCl,-1.06
c1ccc2c(c1)oc1ccccc12,-4.6
CCC[N+](=O)[O-],-0.8
C#CC1(O)CCC2C3CCC4=CC(=O)CCC4C3CCC21C,-4.57
O=C(O)COc1ccccc1,-1.1
C=CC,-1.08
NC(=O)CCl,-0.02
C=CCSS(=O)CC=C,-0.83
Cc1cncc(C)c1,0.38
CC(C)(C)c1ccc(C(O)CCCN2CCC(C(O)(c3ccccc3)c3ccccc3)CC2)cc1,-7.74
CC1Cc2ccccc2N1NC(=O)c1ccc(Cl)c(S(N)(=O)=O)c1,-3.586
CCCC(C)(C)C,-4.36
Cc1cc(=O)[nH]c(=S)[nH]1,-2.436
CN1CCN(CCCN2c3ccccc3Sc3ccc(C(F)(F)F)cc32)CC1,-4.52
C#CCCCCC,-3.01
Cc1cccc(O)c1C,-1.43
CC(Cl)Cl,-1.29
CCC(C)Cl,-1.96
O=C(OCC(O)CO)c1ccccc1Nc1ccnc2cc(Cl)ccc12,-4.571
CCCCBr,-2.37
CC12CCC3c4ccc(O)cc4CCC3C1CCC2=O,-3.955
CCS,-0.6
CN(C)CCCN1c2ccccc2Sc2ccccc21,-4.3
CC(=O)Nc1ccc(C=O)cc1,-1.58
O=C(O)CCI,-0.43
Clc1cc2c(oc3c(Cl)c(Cl)c(Cl)c(Cl)c32)c(Cl)c1Cl,-11.48
CCC(C)CC,-3.68
CCC(C)CO,-0.47
Cc1ccsc1,-2.39
O=C(O)CCl,0.93
N=C(N)NCC(=O)O,-1.51
O=c1ncnc2[nH][nH]cc1-2,-2.38
NC(N)=O,0.96
CC(=O)N(c1onc(C)c1C)S(=O)c1ccc(N)cc1,-3.59
C=CC(O)CCC,-0.59
O=C(O)CCCC(=O)O,1
C1CCCC1,-2.64
c1cnc2ncncc2n1,0.02
CC(=O)OCC(=O)C1(O)CCC2C3CCC4=CC(=O)CCC4(C)C3C(=O)CC21C,-4.21
NC(N)=S,0.32
C1=CC=CCC=C1,-2.15
O=C(NC(=O)c1ccccc1)c1ccccc1,-2.27
Clc1cc2c(cc1Cl)Oc1cc(Cl)c(Cl)cc1O2,-10.22
CC(Cl)CCl,-1.6
Clc1ccc(C(c2ccccc2Cl)C(Cl)(Cl)Cl)cc1,-6.62
CON(C)C(=O)Nc1ccc(Br)c(Cl)c1,-3.924
C=CCBr,-1.5
CCCCOc1ccc(C(=O)OCCN(CC)CC)cc1.[Cl-].[H+],-3.84
CC(C)(C)c1ccc(O)cc1,-2.41
COc1cc(Cl)c(Cl)cc1OC,-3.46
C,-0.9
CC(=O)CCC1C(=O)N(c2ccccc2)N(c2ccccc2)C1=O,-3.27
O=C(O)COc1cc(Cl)c(Cl)cc1Cl,-2.96
CC(C)(C)C(=O)OCC(=O)C1(O)CCC2C3CCC4=CC(=O)C=CC4(C)C3C(O)CC21C,-4.58
CC(=O)OCN1C(=O)NC(c2ccccc2)(c2ccccc2)C1=O,-4.47
CCOCC,-0.09
C=C,-0.4
Cc1cc(OC(=O)N(C)C)n(-c2ccccc2)n1,-2.09
ClCCCl,-1.06
CN(C)c1ccccc1,-1.92
ClC1=C(Cl)C2(Cl)C3CC=CC3C1(Cl)C2(Cl)Cl,-5.64
CCC(O)CC,-0.24
NS(=O)(=O)c1nnc(NS(=O)(=O)c2ccccc2)s1,-2.9208
Clc1ccc(-c2cc(Cl)c(Cl)c(Cl)c2Cl)c(Cl)c1,-7.39
CCCC(CCC)C(=O)O,-1.86
CN(C)C1C(O)=C(C(N)=O)C(=O)C2(O)C(O)=C3C(=O)c4c(O)ccc(Cl)c4C(C)(O)C3CC12,-2.88
CCC(C)C(C)C,-4.28
CC(C)N1C(=O)c2ccccc2NS1(=O)=O,-2.68
CCC(C)C(C)O,-0.72
O=C1Nc2ccc(Cl)cc2C(c2ccccc2)=NC1O,-3.952
NS(=O)(=O)c1cc2c(cc1Cl)N=CNS2(=O)=O,-3.05
C=CCCCCCCCC,-5.51
Oc1cc(Cl)cc(Cl)c1Cl,-2.67
CC(C)(C)COC(N)=O,-0.8
Fc1ccccc1,-1.8
CC(C)c1ccc(NC(=O)N(C)C)cc1,-3.536
Nc1ccc(N)cc1,-0.38
O=C1C2CC=CCC2C(=O)N1SC(Cl)(Cl)C(Cl)Cl,-5.4
c1ccc2c(c1)CCCC2,-4.37
CC(C)COC(=O)c1ccccc1C(=O)OCC(C)C,-4.66
CC(CCC(=O)O)C1CCC2C3CC(O)C4CC(O)CCC4(C)C3CCC12C,-3.82
CI,-1
OC(c1ccccc1)c1ccccc1,-2.55
CO,1.57
CC,-1.36
CCOc1ccc(NC(C)=O)cc1,-2.35
Nc1nc(=O)[nH]cc1F,-0.972
CN(C)C(=O)Nc1cccc(OC(=O)NC(C)(C)C)c1,-2.93
CC12CCC3C(CCC4CCCCC43C)C1CCC2=O,-6.7
CCC1(CCC(C)C)C(=O)NC(=O)NC1=O,-2.658
Clc1cc(Cl)c(Cl)c(-c2c(Cl)c(Cl)cc(Cl)c2Cl)c1Cl,-9.15
CCN1c2ncccc2C(=O)N(C)c2ccc(Cl)nc21,-4.114
CC(=O)Nc1cccc(C)c1,-2.09
[O-]c1cccc2[nH+]cccc12,-2.54
CC1CCC(C)(C)C1,-4.48
CNCCCC12CCC(c3ccccc31)c1ccccc12,-4.6914
CCC1(CC)C(=O)NC(=O)NC1=O,-2.4
COc1ccccc1[N+](=O)[O-],-1.96
O=C1NC(=O)C(c2ccccc2)(c2ccccc2)C(=O)N1,4.207
C#CC1(O)CCC2C3CCC4=CC(=O)CCC4(O)C3CCC21C,-4.57
CC(=O)CC(C)C,-0.74
NC(=O)NO,1.12
Ic1ccc(I)cc1,-5.37
C=C(C)C(=C)C,-2.4
Nc1ccc(Cl)cc1,-1.66
CCC(c1ccc(O)cc1)C(CC)c1ccc(O)cc1,-4.43
CC12CCC(=O)C=C1CCC1C3CCC(O)(C(=O)CO)C3(C)CC(O)C12F,-3.43
O=S(CCCl)CCCl,-1.16
Cc1cccc(C)n1,0.45
CC(C)CO,0.1
NS(=O)(=O)c1cc2c(cc1Cl)NC(C(Cl)Cl)NS2(=O)=O,-2.68
CCCCC(CC)CN,-1.71
CCN1c2ncccc2C(=S)N(C)c2cccnc21,-4.634
O=c1[nH]c2c(c(=O)n1C1CCCCC1)CCC2,-4.594
CCNc1nc(Cl)nc(N(CC)CC)n1,-4.06
CC12CCC(=O)C=C1CCC1C2C2CC3(C(O)O2)C(C(=O)CO)CCC13,-3.85
CN1CCCCC1,0.23
CCOC(C)OCC,-0.43
CC(C)Cl,-1.41
OCC(O)CO,1.12
COc1ccc(NS(=O)(=O)c2ccc(N)cc2)nn1,-3.28
Clc1cc(Cl)c(-c2c(Cl)cccc2Cl)c(Cl)c1,-7.32
Cc1ccc(Cl)c(Nc2ccccc2C(=O)O)c1Cl,-6.27
O=C(Nc1cccc(Cl)c1)OCC#CCCl,-4.37
Nc1ncnc2c1ncn2C1OC(CO)C(O)C1O,-1.73
Clc1cc(Cl)c(-c2cccc(Cl)c2Cl)cc1Cl,-7.21
CCCCCCCCOC(N)=O,-3.3
CCC1(C2=CC3CCC(C2)C3)C(=O)NC(=O)NC1=O,-2.64
Oc1ncnc2nccnc12,1.491
Brc1cc(Br)c(-c2ccccc2)c(Br)c1,-7.3
Oc1ccccc1-c1ccccc1,-2.39
CCOC1Oc2ccc(OS(C)(=O)=O)cc2C1(C)C,-3.42
CCCOC(C)=O,-0.72
Clc1ccc(Cl)cc1,-3.27
CC(C)CC(C)(C)C,-4.74
CC(Br)CBr,-2.15
O=C(CCCN1CCC(O)(c2ccc(Cl)cc2)CC1)c1ccc(F)cc1,-4.43
CC(C)CC(C)(C)O,-0.92
Clc1cccc(-c2c(Cl)c(Cl)cc(Cl)c2Cl)c1Cl,-8.6
Nc1ccc(Cl)c(Cl)c1,-3.24
CC(C)NCC(O)c1ccc(O)c(O)c1,0.14
CCCCCCCCCC(C)O,-2.94
CC(O)C(N)C(=O)O,-0.09
CCCCCl,-2.03
CC1(C)C(C=C(Cl)Cl)C1C(=O)OC(C#N)c1cccc(Oc2ccccc2)c1,-8.017
OC1C(O)C(O)C(O)C(O)C1O,0.35
Oc1ccc(Cl)cc1Cl,-1.55
CCCCCO,-0.6
OC(CCN1CCCCC1)(c1ccccc1)C1CCCCC1,-5.2
CNC(=O)Oc1cc(C(C)(C)C)cc(C(C)(C)C)c1,-4.24
NC12CC3CC(CC(C3)C1)C2.[Cl-].[H+],-1.8536
CCCCCC,-3.84
ClC1=C(Cl)C2(Cl)C3C4OC4C(Cl)C3C1(Cl)C2(Cl)Cl,-6.29
N#Cc1c(Cl)cccc1Cl,-4.24
O=C1NC(=O)C(=O)N1,-0.4
OC(Cc1ccccc1)c1ccccc1,-2.52
Cc1ccc(C)c2ccccc12,-4.14
c1ccc2c(c1)ccc1c3ccccc3ccc21,-8.057
c1cc2cccc3c4cccc5cccc(c(c1)c23)c54,-8.804
COC(=O)Nc1nc2ccc(C(=O)c3ccccc3)cc2[nH]1,-3.88
C=COCC,-0.85
O=C(O)Cc1cccc2cc3cc4ccccc4cc3cc12,-2.65
c1ccc2nc3ccccc3cc2c1,-3.67
O=c1cccc[nH]1,1.02
O=C(O)c1ccccc1-c1ccccc1C(=O)O,-2.28
COC(=O)C1(O)c2ccccc2-c2ccc(Cl)cc21,-4.18
Cc1ccc2nc(-c3ccc(N)cc3)sc2c1,-3.68
c1ccc(Oc2ccccc2)cc1,-3.96
Oc1cccnc1,-0.46
CCCCCCc1ccccc1,-5.21
CCC1(CC)C(=O)NC(=S)NC1=O,2.176
Cc1nc(NS(=O)(=O)c2ccc(N)cc2)oc1C,-2.44
CC12CC(O)C3C(CCC4CC(O)CCC43C)C1CCC2=O,-3.59
CCC(=O)Nc1ccccc1,-1.92
CCCOC(=O)c1cc(O)c(O)c(O)c1,-1.78
CCCCCCCOC(N)=O,-2.62
C=CCC1(C)C(=O)NC(=O)NC1=O,-1.16
CCCOC(=O)CCC,-1.75
ClCCBr,-1.32
CC(=O)Nc1cc(NS(=O)(=O)C(F)(F)F)c(C)cc1C,-3.24
CCC(CC)CO,-1.17
OCC1OC(O)C(O)C(O)C1O,0.74
CC(=O)Oc1ccccc1C(=O)O,-1.72
C=CCC(C)C,-3.24
Nc1ccc(S(=O)(=O)Nc2nccs2)cc1,-2.43
CC(C)I,-2.09
CC(C)O,0.43
CCCCOc1ccc(C(=O)OCC)c(N(CC)CC)c1,-3.84
CC(C)C,-2.55
Clc1ccc(-c2ccc(Cl)c(Cl)c2Cl)cc1Cl,-7.05
OCCN1CCN(CCCN2c3ccccc3Sc3ccc(C(F)(F)F)cc32)CC1,-4.15
CCc1ccc2ccccc2c1,-4.29
C=CCCCCCCCCC(=O)O,-3.4
CC(C)COC(N)=O,-0.3
COC(=O)NS(=O)(=O)c1ccc(N)cc1,-1.66
CN(C)c1nc(N(C)C)nc(N(C)C)n1,-3.364
CC1CCCCC1C,-4.3
Cn1cnc2c1c(=O)[nH]c(=O)n2C,-2.523
CC(=O)OC1CCCCC1,-1.67
COCCOc1c(OC)cc(Cc2cnc(N)nc2N)cc1OC,-2.1
c1ccc2c(c1)CCN2,-1.04
COc1cc(Cc2cnc(N)nc2N)cc(OC)c1OC,-2.86
OC(Cn1cncn1)(c1ccc(F)cc1)c1ccccc1F,-3.37
CN1CCCC(CN2c3ccccc3Sc3ccccc32)C1.[Cl-].[H+],-4.74
CCC#CCC,-1.99
CC(=O)CC(c1ccc(Cl)cc1)c1c(O)oc2ccccc2c1=O,-5.84
CCCCCCOC(=O)c1ccccc1C(=O)OCCCCCC,-6.144
NC1C=Cc2nc3ccccc3nc2C1=O,-0.62
Nc1ncnc2c1ccn2C1OC(CO)C(O)C1O,-1.95
CN=C=S,-1
C=C(C)C1CCC(C)C(=O)C1,-2.18
c1ccc2c(c1)Cc1ccccc1-2,-5
CC1CCCCC1,-3.85
c1ccc(Nc2ccccc2)cc1,-3.504
C=CCCC,-2.68
CCC(C)C(=O)OC1CC(C)C=C2C=CC(C)C(CCC3CC(O)CC(=O)O3)C21,-6.005
c1ccncc1,0.76
CNC(=O)C(C)SCCSP(=O)(OC)OC,1.144
C=CCCl,-1.36
ClC(Cl)=C=C(Cl)C(Cl)Cl,-4.23
CCCCCC1CCCC1,-6.08
CCCCCC(=O)O,-1.06
Brc1ccccc1,-2.55
c1ccc2c(c1)Cc1cc3ccccc3cc1-2,-8.04
O=[N+]([O-])c1ccccc1[N+](=O)[O-],-3.1
CC(=O)Nc1ccc(N)cc1,-0.98
CCCOP(=S)(OCCC)SCC(=O)N1CCCCC1C,-4.15
O=C1c2ccccc2C(=O)c2ccccc21,-5.19
CC(=O)C(C)C,-0.12
O=C1NC(=O)C(c2ccccc2)(c2ccccc2)N1,-4.097
CCOP(=S)(OCC)ON=C(C#N)c1ccccc1,-4.862
Nc1cccc([N+](=O)[O-])c1,-2.19
O=C(O)CNC(=O)c1ccccc1,-1.68
Clc1ccc2oc3ccc(Cl)cc3c2c1,-7.21
Clc1ccc2c(c1)Oc1cc(Cl)c(Cl)c(Cl)c1O2,-8.89
NS(=O)(=O)c1cc2c(cc1Cl)NCNS2(=O)=O,-2.63
OC1CCCCCC1,-0.88
O=C(O)c1cccnc1Nc1cccc(C(F)(F)F)c1,-4.17
Cc1ccc(N=CN(C)C=Nc2ccc(C)cc2C)c(C)c1,-5.47
BrC=CBr,-1.32
NNC(=O)Nc1ccccc1,-2.33
CCCCSP(=O)(SCCCC)SCCCC,-5.14
c1ccc2c(c1)Oc1ccccc1O2,-5.31
CCCN(CCC)S(=O)(=O)c1ccc(C(=O)O)cc1,-4.63
Fc1cccc(Br)c1,-2.67
COC(=O)Cc1cc2c(c(O)c1C(=O)CC(C)=O)C(=O)c1c(O)cccc1C2=O,0.545
CC(C)=CCC1(C(C)(C)C)C(=O)NC(=O)NC1=O,3.59
Nc1ccc(-c2ccc(N)cc2)cc1,-2.7
COc1ccc(C=O)c(C(=O)O)c1OC,-1.92
CCCCCCCCCCCCCCCCCCCCCCCCCC,-8.334
Clc1cccc(Cl)c1,-3.04
NNC(=O)c1ccncc1,0.009
CC(=O)c1ccc(S(=O)(=O)NC(=O)NC2CCCCC2)cc1,-2.06
CC(C)Nc1nc(Cl)nc(NC(C)C)n1,-4.43
CCCCOC(=O)CCCCCCCCC(=O)OCCCC,-3.896
CC1=C(CC(=O)O)c2cc(F)ccc2C1=Cc1ccc(S(C)=O)cc1,-5
CC1CC2C3CC(F)C4=CC(=O)C=CC4(C)C3(F)C(O)CC2(C)C1(O)C(=O)CO,-5.613
CC(=O)CC(c1ccccc1)c1c(O)c2ccccc2oc1=O,-3.893
CC(Cl)C(C)Cl,-2.7
CCCCl,-1.47
CCCC(O)C(CC)CO,-0.54
CC(C)CC(N)C(=O)NCC(=O)NCC(=O)O,0.3076
Clc1ccc(Cl)c(-c2c(Cl)ccc(Cl)c2Cl)c1Cl,-8.65
C=CCC1(CCCC)C(=O)NC(=O)NC1=O,2.116
CCCCS,-2.18
CCCCI,-2.96
CCCCC(C)(O)CC,-1.6
CCCCO,0
Cc1cc(C)c2ccccc2c1,-4.29
CCCCC,-3.18
O=C1NCCN1c1ncc([N+](=O)[O-])s1,-3.22
Clc1ccc(COC(Cn2ccnc2)c2ccc(Cl)cc2Cl)c(Cl)c1,-5.0685
CCCCC1(CC)C(=O)[N-]C(=O)NC1=O.[Na+],-1.64
CC12CC1(C)C(=O)N(c1cc(Cl)cc(Cl)c1)C2=O,-4.8
CNc1ccccc1,-1.28
C1CCOCC1,-0.03
Nc1ccc(S(=O)(=O)Nc2cnccn2)cc1,-3.7
C=CC(C)(O)CCC=C(C)C,-1.99
c1ccc2cc3cc4ccccc4cc3cc2c1,-8.6
O=[N+]([O-])c1cccc(Cl)c1Cl,-3.48
CCN1c2ncccc2C(=O)N(C)c2cccnc21,-2.62
Cc1c(F)c(F)c(COC(=O)C2C(C=C(Cl)C(F)(F)F)C2(C)C)c(F)c1F,-7.321
Cc1cccc(C)c1,-2.82
CCCCCCCCBr,-5.06
CC(C)CNC(=O)N1CCNC1=O,-2.15
CCCCc1ccccc1,-4.06
CCCCCCCCOC(=O)c1ccc(N)cc1,-5.4
CC1CO1,-0.59
O=C1CSC(=S)N1,-1.77
O=[N+]([O-])c1ccc(Cl)cc1,-2.92
CN1CCCC(CN2c3ccccc3Sc3ccccc32)C1,-4.74
Clc1ccc(Cl)c(-c2ccccc2)c1,-5.24
CN(C)CCC=C1c2ccccc2COc2ccccc21,-3.4
CCCCC(CC)COC(=O)c1ccccc1C(=O)OCC(CC)CCCC,-6.96
CC1(C)OC2CC3C4CCC5=CC(=O)C=CC5(C)C4(F)C(O)CC3(C)C2(C(=O)CO)O1,-4.31
CC1COc2c(N3CCN(C)CC3)c(F)cc3c(=O)c(C(=O)O)cn1c23,-1.2655
CN(C(=O)NC(C)(C)c1ccccc1)c1ccccc1,-3.35
Clc1cccc(-c2ccc(Cl)c(Cl)c2Cl)c1Cl,-7.05
COc1ccc2c(c1OC)C(=O)OC2,-1.89
CCCC(=O)OCN1C(=O)NC(c2ccccc2)(c2ccccc2)C1=O,-5.071
Clc1cc2c(cc1Cl)Oc1c(Cl)c(Cl)c(Cl)c(Cl)c1O2,-9.95
Oc1cc(Cl)ccc1Oc1ccc(Cl)cc1Cl,-4.46
Cc1c[nH]c(=O)nc1N,-1.458
O=C(Nc1ccc([N+](=O)[O-])cc1Cl)c1cc(Cl)ccc1O,-4.7
C#CCCCCCCC,-4.24
CCCOC(=O)c1ccc(O)cc1,-2.3979
CN=C(NC#N)NCCSCc1nc[nH]c1C,-3.6
CCCCC(=O)CC(C)=O,-1.56
CCc1cccc(CC)c1N,-2.35
CCCOC(=O)c1ccccc1,-2.67
NCCCCCCCCCCC(=O)O,-2.7
CC(=O)Nc1ccc([N+](=O)[O-])cc1,-2.692
COC(=O)C(C)Oc1ccc(Oc2ccc(Cl)cc2Cl)cc1,-3.82
CCCCNc1ccc(C(=O)OCCN(C)C)cc1,-3.0109
CCCCOC(=O)c1ccccc1C(=O)OCc1ccccc1,-5.64
CCCCCCBr,-3.81
Oc1cccc(Cl)c1,-0.7
CCN1C(=O)c2ccccc2Oc2ccccc21,-3.68
CC(=O)C(C)(C)C,-0.72
CCCC(C)Cl,-2.63
Clc1ccc(Cl)c(-c2ccc(Cl)c(Cl)c2)c1,-7.25
C=CC(=O)OCC,-0.74
CCOP(=O)(OCC)OCC,0.43
CC(C)C(C)CO,-0.39
CC1(C)C(C(=O)OC(C#N)c2cccc(Oc3ccccc3)c2)C1(C)C,-6.025
CC1=CC(=O)CC(C)(C)C1,-1.06
NS(=O)(=O)c1cc(C(=O)O)c(NCc2ccco2)cc1Cl,-4.23
CCOC(C)C,-0.55
CCC=O,0.58
CCCC(C)C,-3.74
CCCC(C)CO,-1.11
CC(=O)OCC(=O)C1CCC2C3CCC4=CC(=O)CCC4(C)C3CCC12C,-4.63
Oc1cccc2c(O)cccc12,-2.92
CC(CN(C)C)CN1c2ccccc2CCc2ccccc21,-4.7889
c1ccc(C2CO2)cc1,-1.6
Clc1ccc(Cl)c(-c2cc(Cl)c(Cl)c(Cl)c2Cl)c1,-7.68
CCCCCCCC(C)O,-2.74
C=C(C)C1CC=C(C)C(=O)C1,-2.06
CCN(CC)CCNC(=O)c1cc(Cl)c(N)cc1OC.[Cl-].[H+],-3.18
Clc1ccccc1,-2.38
CN=C1CN(O)C(c2ccccc2)=c2cc(Cl)ccc2=N1,2.177
COc1ccc(CCN(C)CCCC(C#N)(c2ccc(OC)c(OC)c2)C(C)C)cc1OC,4.67
NC(N)=N[N+](=O)[O-],-1.37
COc1ccc2c(c1OC)C(=O)OC2C1c2c(cc3c(c2OC)OCO3)CCN1C,-3.14
O=C1OC(=O)c2ccccc21,-1.39
Clc1cccc(Cl)c1Cl,-4
NS(=O)(=O)c1cc2c(cc1Cl)NC=NS2(=O)=O,-3.05
CC12CCC(CC1=O)C2(C)C,-1.96
CC(=O)OCC(=O)C1(O)C(C)CC2C3CCC4=CC(=O)C=CC4(C)C3(F)C(O)CC21C,-4.9
COc1ccccc1OCCNCC(O)COc1cccc2[nH]c3ccccc3c12,-4.2557
CCn1cc(C(=O)O)c(=O)c2ccc(C)nc21,-3.37
CC#CC1(O)CCC2C3CCC4=CC(=O)CCC4=C3C(c3ccc(N(C)C)cc3)CC21C,-5.75
Clc1ccccc1-c1ccccc1Cl,-5.27
O=C(O)Cc1ccccc1,-0.89
CN(C)C(=S)SSC(=S)N(C)C,-3.9
C=CC1CN2CCC1CC2C(O)c1ccnc2ccccc12,-3.07
CN1CSC(=S)N(C)C1,-2.13
NC(Cc1cc(I)c(Oc2ccc(O)c(I)c2)c(I)c1)C(=O)[O-].O.[Na+],-5.22
CC(=O)Nc1ccccc1,-1.33
Nc1ccc(S(=O)(=O)Nc2ncccn2)cc1,-2.73
O=C(O)C1=CC(=NNc2ccc(S(=O)(=O)Nc3ccccn3)cc2)C=CC1=O,-6.1367
CC(=O)c1ccc(N)cc1,-1.61
CNC(=O)Oc1cc(C)cc(C)c1,-2.581
CSc1ccc2c(c1)N(CCC1CCCCN1C)c1ccccc1S2,0.017
O=c1c2ccccc2nc2n1CCC2O,-2.07
Cc1cc(C)nc(NS(=O)(=O)c2ccc(N)cc2)n1,-2.27
CN1C(=O)NC(=O)C(C)(C2=CCCCC2)C1=O,-2.74
S=c1ncc2nccnc2[nH]1,-2.36
c1ccc2c(c1)-c1cccc3c1c-2cc1ccccc13,-8.23
CN1CCN(CCCN2c3ccccc3Sc3ccc(Cl)cc32)CC1,-4.4
C#CC(C)OC(=O)Nc1cccc(Cl)c1,-2.617
CC12C=CC(=O)C=C1CCC1C2C(O)CC2(C)C1CCC2(O)C(=O)CO,-3.18
C=CCC1(C(C)CCC)C(=O)NC(=O)NC1=O,-2.356
CCCCC1(CC)C(=O)NC(=O)NC1=O,-1.661
Clc1ccccc1Cl,-3.05
CCCC(C(C)=O)C(C)=O,-0.88
Clc1ccc(-c2c(Cl)c(Cl)c(Cl)c(Cl)c2Cl)c(Cl)c1,-7.92
Cc1cc2c3ccccc3ccc2c2ccccc12,-6.57
Cc1cc(NS(=O)(=O)c2ccc(N)cc2)nc(C)n1,-2.24
COc1ccc2c3c1OC1C(O)C=CC4C(C2)N(C)CCC341,-1.52
Clc1ccc(Cl)c(-c2ccccc2Cl)c1,-6.02
Fc1cc(F)c(F)cc1F,-2.38
Cc1cccnc1C,0.38
Sc1cnc2ncncc2n1,-2.71
COc1ccc2cc(C(C)C(=O)O)ccc2c1,-4.16
Clc1cccc(-c2cccc(Cl)c2)c1,-5.8
CN1C(C(=O)Nc2ccccn2)=C(O)c2ccccc2S1(=O)=O,-4.16
NCCc1c[nH]c2ccccc12,-3.2956
CC(C)CC(NC(=O)CNC(=O)CN)C(=O)O,-0.1132
CC12CCC3C(CCC4=CC(=O)CCC43C)C1CCC2=O,-3.69
COP(=S)(OC)Oc1ccc([N+](=O)[O-])c(C)c1,-4.04
C=CCc1ccc(OC)cc1,-2.92
CCCCCC(C)O,-1.55
CCCCCC(C)C,-5.08
NNc1ccccc1.[Cl-].[H+],0.07
CC12CCC3C(CC=C4CC(O)CCC43C)C1CCC2=O,-4.12
CC(O)C(C)(C)C,-0.62
Brc1ccccc1Br,-3.5
Cc1ccnc(C)c1,0.38
Cc1c2ccccc2cc2ccccc12,-5.89
C=CC(=O)OC,-0.22
C=CCCC=C,-2.68
O=C(O)COc1ccc(Cl)cc1,-2.29
NC(Cc1cc(I)c(Oc2ccc(O)c(I)c2)c(I)c1)C(=O)O,-5.22
CN(C)C(=O)NC1CCC2C3CCC(C3)C12,-3.01
CN(C)CCC(c1ccc(Cl)cc1)c1ccccn1.O=C(O)C=CC(=O)O,-2.6667
OCc1ccccc1,-0.4
CCN1c2ncccc2C(=O)Nc2c(C(F)(F)F)cc(C)nc21,-4.207
CCCCCCCC(=O)OC,-3.17
CCCC=C(C=O)CC,-2.46
Clc1c(Cl)c(Cl)c(Cl)c(Cl)c1Cl,-7.56
COC=O,0.58
CCCCCC(O)CC,-1.98
C1CCC2CCCCC2C1,-5.19
CC(C)CCCCCOC(=O)c1ccccc1C(=O)OCCCCCC(C)C,-6.637
Sc1ccccc1,-2.12
CC(C)Cn1cnc2c1c(=O)n(C)c(=O)n2C,1.021
CC(=O)C1(C)CCC2C3C=C(C)C4=CC(=O)CCC4(C)C3CCC21C,-5.27
S=C1NCCN1,-0.71
Cc1cc(Cl)ccc1OC(C)C(=O)O,-2.55
CC(C)NCC(O)COc1cccc2[nH]ccc12,-3.79
COC(N)=O,0.97
NC(C(=O)O)C(O)c1ccccc1,-1.3188
CCCCOc1cc(C(=O)NCCN(CC)CC)c2ccccc2n1,-3.7
OCC(CO)(CO)CO,-0.44
c1ccc(N=Nc2ccccc2)cc1,-4.45
CCCCC(O)CC,-1.47
COc1cc(O)c2c(=O)c3cc(O)ccc3oc2c1,-2.93
Cn1cnc([N+](=O)[O-])c1Sc1ncnc2nc[nH]c12,-3.2078
OC1C=CC2C1C1(Cl)C(Cl)=C(Cl)C2(Cl)C1(Cl)Cl,-5.46
O=C1CC=NC=N1,0.59
CCN(CC)c1ccccc1,-3.03
O=C(O)CCc1ccccc1,-1.41
CCCCOC,-0.99
c1ccc2c(c1)Cc1c-2ccc2ccccc12,-6.68
CN1C2CCC1C(C(=O)O)C(O)C2,-0.02
Nc1nc(O)nc2nc[nH]c12,-3.401
CC(=O)CC(=O)C(C)(C)C,-1.63
CCCCCC(C)(C)O,-1.72
CCSC(=O)N(CC)C1CCCCC1,-3.4
CCC(C)C,-3.18
CN1CCC23c4c5ccc(O)c4OC2C(O)C=CC3C1C5,-3.28
OC1CCCCCCC1,-1.29
COc1ccc(Cl)cc1C(=O)NCCc1ccc(S(=O)(=O)NC(=O)NC2CCCCC2)cc1,-5.09
Clc1ccc(-c2ccc(Cl)c(Cl)c2Cl)c(Cl)c1Cl,-8.01
COCCCNc1nc(NC(C)C)nc(SC)n1,-2.928
COP(=O)(NC(C)=O)SC,0.54
O=C(O)c1ccccc1C(F)(F)F,-1.6
c1ccc2nc(-c3ccc4ccccc4n3)ccc2c1,-5.4
CCCC(=O)OC,-1.92
CC(O)C(F)(F)F,0.3
Cc1ccc2ccccc2c1,-3.77
COc1cc(NS(=O)(=O)c2ccc(N)cc2)nc(OC)n1,-2.96
COc1ccc2c(c1)c(CC(=O)O)c(C)n2C(=O)c1ccc(Cl)cc1,-4.62
Nc1nc2[nH]cnc2c(=O)[nH]1,-3.583
CC(=O)CCC(C)C,-1.33
Cc1c(N(C)C)c(=O)n(-c2ccccc2)n1C,-0.364
O=C(O)Cc1c(Cl)ccc(Cl)c1Cl,-3.08
CC(=O)OCC(=O)C1(O)CCC2C3CCC4=CC(=O)C=CC4(C)C3C(O)CC21C,-4.37
N#CN=C(N)N,-0.31
COc1ccc([N+](=O)[O-])cc1,-2.41
Cc1ccccc1O,-0.62
Cc1ccccc1N,-2.21
CCCCC(=O)CCCC,-2.58
Cc1ccccc1C,-2.8
O=c1oc2ccccc2c(O)c1C(CC(O)c1ccc(-c2ccc(Br)cc2)cc1)c1ccccc1,-4.445
CCOP(=S)(OCC)SCSc1ccc(Cl)cc1,-5.736
Cc1cccc2c1ccc1ccccc12,-5.85
CC(=O)CC(=O)CC(C)C,-1.6
O=C(O)C(CO)c1ccccc1,-0.93
O=CC(O)C(O)C(O)C(O)CO,0.74
CC(C)(C)c1ccccc1,-3.66
Sc1nc2ccccc2s1,-3.18
Nc1ccc(N)cc1.[Cl-].[Cl-].[H+].[H+],-0.38
CCCCCCCl,-3.12
Cc1ccccc1N1C(=O)c2cc(S(N)(=O)=O)c(Cl)cc2NC1C,-3.78
Cn1c(=O)c2[nH]cnc2n(C)c1=O,-1.39
C#CCC,-1.24
Clc1cccc(I)c1,-3.55
c1ccoc1,-0.82
CCCCCCCC,-5.24
ClCCOCCCl,-1.12
CCCCCCCI,-4.81
CCCCCCCO,-1.81
CCCCCCCN,-1.85
Clc1ccc(Cl)c(Cl)c1,-3.59
CC1CCCC1,-3.3
CCCN(CCC)c1c([N+](=O)[O-])cc(C(F)(F)F)cc1[N+](=O)[O-],-5.68
CC1c2cccc(O)c2C(O)=C2C(=O)C3(O)C(=O)C(=C(N)O)C(=O)C(N(C)C)C3C(O)C21.O.O.[Cl-].[H+],-2.87
NS(=O)(=O)c1ccccc1,-1.56
CNC(=O)Oc1cccc2c1OC(C)(C)C2,-2.8
Cc1cccc2c(C)cccc12,-4.679
Nc1ccccc1,-0.41
CCCC(C)C1(CC)C(=O)NC(=S)NC1=O,-3.36
COC1=CC2OC3C=CC(O)=CC3C(=O)C2C(O)=C1,-2.943
OCC(O)C1OC2OC(C(Cl)(Cl)Cl)OC2C1O,-1.84
O=C(O)C=Cc1c[nH]cn1,-1.96
CCc1nnc(NS(=O)(=O)c2ccc(N)cc2)s1.[H-].[Na+],-1.94
Cn1ccc(=O)[nH]c1=O,-0.807
O=Cc1ccccc1O,-0.86
N#Cc1ccccc1,-1
Cn1c(=O)c2c(ncn2CC(O)CO)n(C)c1=O,-0.17
CC(C)OC=O,-0.63
CC(=O)Nc1ccc(OC(C)=O)cc1,-1.91
Clc1ccc2c(c1)Oc1ccc(Cl)cc1O2,-7.83
O=C(O)c1ccccc1C(=O)O,-2.11
C=CC(=C)C,-2.03
CN1C(=C(O)Nc2ccccn2)C(=O)c2ccccc2S1(=O)=O,-4.16
c1ccc2cc3c(cc2c1)-c1cccc2cccc-3c12,-8.49
O=C1C(Cl)=C(NC(=O)C(Cl)Cl)C(=O)c2ccccc21,-5.03
COc1ccc2c(c1)c(CC(=O)O)c(C)n2C(=O)C=Cc1ccccc1,-5.54
O=C(O)c1cn(-c2ccc(F)cc2)c2cc(N3CCNCC3)c(F)cc2c1=O,-3.1334
C1CCNC1,1.15
CCC1(c2ccccc2)CCC(=O)NC1=O,-2.337
CC(=O)OCC(=O)C1(O)C(OC(C)=O)CC2C3CCC4=CC(=O)C=CC4(C)C3(F)C(O)CC21C,-4.13
CC(CN1c2ccccc2Sc2ccccc21)N(C)C,-4.26
COc1cc(OC)c2c(c1Cl)OC1(C2=O)C(C)CC(=O)CC1OC,-4.61
c1cc2ccc3ccc4ccc5cccc6c(c1)c2c3c4c56,-9.018
O=C(c1ccccc1)C(O)c1ccccc1,-2.85
Clc1ccc(Cl)c(-c2cc(Cl)c(Cl)cc2Cl)c1,-7.33
CNc1ccccc1C(=O)O,-2.88
CCN(CC)C(=O)C(C)Oc1cccc2ccccc12,-3.57
C1CCNCC1,1.07
COc1ccc2c(c1)N(CC(C)CN(C)C)c1ccccc1S2,-4.22
C=CCC1(C(C)C)C(=O)NC(=O)NC1=O,-1.708
O=c1cc[nH]c(=S)[nH]1,-2.26
O=C1NC(=O)C2(CC2)C(=O)N1,-1.886
CCOC(=O)c1cncn1C(C)c1ccccc1,-4.735
COc1c(Cl)c(Cl)c(Cl)c(Cl)c1OC,-5.24
CC(Cl)(Cl)Cl,-2
Cc1occc1C(=O)Nc1ccccc1,-3.3
CN1CCN(c2cc3c(cc2F)c(=O)c(C(=O)O)cn3-c2ccc(F)cc2)CC1,-3.5998
CCOc1ccc(C(C)(C)COCc2cccc(Oc3ccccc3)c2)cc1,-8.6
COc1cc(Cl)c(OC)cc1Cl,-4.41
OCCN(CCO)c1ccccc1,-0.73
Clc1cc(Cl)c(-c2c(Cl)cc(Cl)c(Cl)c2Cl)cc1Cl,-7.92
CC(C)CCOC(=O)c1ccccc1O,-3.16
Clc1cnc2ncncc2n1,-0.87
CC(C)(C)CC(=O)OCC(=O)C1(O)CCC2C3CCC4=CC(=O)CCC4(C)C3C(O)CC21C,-5.51
CC(=O)OCC(COC(C)=O)OC(C)=O,-0.6
COc1cnc(NS(=O)(=O)c2ccc(N)cc2)nc1,-2.58
CNC(=O)Oc1ccc(N(C)C)c(C)c1,-2.36
Clc1ccccc1Br,-3.19
ClCC(Cl)Cl,-1.48
OC(CCl)CCl,-0.11
CN(C)C1C(O)=CC(=O)C2(O)C(O)=C3C(=O)c4ccccc4C(C)(O)C3CC12,-1.42
Brc1ccc(-c2ccc(Br)cc2)cc1,-7.74
Brc1cccc(Br)c1,-3.54
CC(C)NCC(O)COc1ccc(CC(N)=O)cc1,-1.3
CCC(C)(C)CC,-4.23
O=NN1CCCCC1,-0.17
O=C(O)c1cccc(I)c1,-3.27
O=c1[nH]cnc2c1ncn2C1OC(CO)C(O)C1O,-1.23
CCC(C)(C)CO,-1.04
CN1C(=O)CN=C(c2ccccc2)c2cc([N+](=O)[O-])ccc21,-3.796
Clc1ccccc1-c1ccccc1,-4.54
CCN1c2cc(OC)cc(C)c2NC(=O)c2cccnc21,-5.153
CN(C)CCN(Cc1ccccc1)c1ccccn1.[Cl-].[H+],-2.64
COc1ccccc1,-1.85
Fc1ccc(CCl)cc1,-2.54
Cc1cc(O)ccc1OP(=O)(Oc1cc(O)ccc1C)Oc1c(C)cccc1O,-6.7
COc1ncnc2nccnc12,-1.11
CCCCN(CC)c1c([N+](=O)[O-])cc(C(F)(F)F)cc1[N+](=O)[O-],-5.53
Cc1ccc2cc3c(ccc4ccccc43)c3c2c1CC3,-7.92
CCOC(=O)CC,-0.66
O=C(O)c1ccc([N+](=O)[O-])cc1,-2.8
CCC(C)(C)Cl,-2.51
Clc1ccc(Cl)c(-c2c(Cl)c(Cl)cc(Cl)c2Cl)c1,-7.42
Clc1cc(Cl)c2c(c1)Oc1c(Cl)cc(Cl)cc1O2,-9
c1cc2c3c(c4ccc5ccccc5c4cc3c1)CC2,-7.85
O=C1C2(Cl)C3(Cl)C4(Cl)C(Cl)(Cl)C5(Cl)C3(Cl)C1(Cl)C5(Cl)C24Cl,-5.259
ClC(Cl)=C(c1ccc(Cl)cc1)c1ccccc1Cl,-6.36
N#CC(OC1OC(COC2OC(CO)C(O)C(O)C2O)C(O)C(O)C1O)c1ccccc1,-0.77
COc1c(Cl)cccc1Cl,-3.1
c1ccc2ncccc2c1,-1.3
c1cc2c3c(ccc4c3c1CCC4)CCC2,-5.96
Oc1c(Cl)cccc1Cl,-1.79
CCNc1nc(NC(C)C)nc(OC)n1,-2.084
Clc1cc(Cl)c2nsnc2c1Cl,-4.98
N=c1nc(N2CCCCC2)cc(N)n1O,-1.99
CCCCCCCCCCC(=O)O,-3.55
CC12CCC3C(CCC4CC(=O)CCC43C)C1CCC2O,-4.743
O=C(O)Cn1c(=O)sc2cccc(Cl)c21,-2.61
C=C(C)C(=O)OC,-0.8
CN(C)C(=O)C(c1ccccc1)c1ccccc1,-2.98
Clc1cc(Cl)c(-c2c(Cl)ccc(Cl)c2Cl)cc1Cl,-8.65
NS(=O)(=O)c1cc(C2(O)NC(=O)c3ccccc32)ccc1Cl,-3.451
CCN(CC)CCNC(=O)c1cc(Cl)c(N)cc1OC,-3.18
Cc1cnc(NS(=O)(=O)c2ccc(N)cc2)nc1,-2.82
COc1c(O)c(Cl)c(Cl)c(Cl)c1Cl,-4.02
Brc1ccc2ccccc2c1,-4.4
Oc1cccc(O)c1,0.81
CCC(O)C(C)(C)C,-1.15
Nc1cnc2ncncc2n1,2.349
BrCCBr,-1.68
C#C,0.29
ClCC1CO1,-0.15
CN(C)CCC=C1c2ccccc2CCc2ccccc21,-4.46
CC(C)C1(C(C)C)C(=O)NC(=O)NC1=O,-2.766
CC12CCC(C1)C(C)(C)C2=O,-1.85
COc1cc(Cl)c(Cl)c(Cl)c1Cl,-5.26
Nc1ccc(S(N)(=O)=O)cc1,-1.34
CCCCCCCCl,-4
CCCCCCC1(CC)C(=O)[N-]C(=O)NC1=O.[Na+],3.125
Oc1c2ccccc2cc2ccccc12,-4.73
Cc1ccc2cc3ccccc3cc2c1,-6.96
O=C([O-])Cc1c(Cl)ccc(Cl)c1Cl.[Na+],-3.08
O=C(O)c1ccccc1O,-1.93
c1ccc2c(c1)ccc1ccccc12,-5.26
CCCCCCCCC,-5.88
CCCCCCCCCC(=O)O,-3.44
N#CC(Cl)(Cl)Cl,-2.168
CCCCCCCCO,-2.39
CCCCCCCCN,-2.75
OC1CCOC1,1.05
Cc1[nH]c(=O)n(C(C)(C)C)c(=O)c1Cl,-2.484
CNC(=O)ON=C1C(Cl)C2CC(C#N)C1C2,-2.08
C=CC1(C)OC(=O)N(c2cc(Cl)cc(Cl)c2)C1=O,-4.925
CCCn1cnc2c1c(=O)n(C)c(=O)n2C,0.36
CCSSCC,-2.42
COc1cc(C2c3cc4c(cc3C(OC3OC5COC(C)OC5C(O)C3O)C3COC(=O)C23)OCO4)cc(OC)c1O,-3.571
Cc1ccc2c(ccc3c4c5c(cccc5cc32)CC4)c1,-7.92
COC(=O)c1ccccc1O,-2.34
c1ccc2c(c1)c1ccccc1c1ccccc21,-6.726
CNC(=O)Oc1cccc(C)c1,-1.8
CCOP(=S)(OCC)Oc1ccc2c(C)c(Cl)c(=O)oc2c1,-5.38
CCSCC,-1.34
CNc1cnn(-c2cccc(C(F)(F)F)c2)c(=O)c1Cl,-4.046
Ic1[nH]c(I)c(I)c1I,-3.46
COP(=S)(OC)SCN1C(=O)c2ccccc2C1=O,-4.1
CC(C(=O)O)c1ccc2c(c1)[nH]c1ccc(Cl)cc12,-4.6983
[Cl-].[H+].c1ccc(CN(CC2=NCCN2)c2ccccc2)cc1,-2.6
CCCC(Cl)Cl,-2.4
CCCC(C)=O,-0.19
c1ccc2cc3ccccc3cc2c1,-6.35
O=C(O)COc1ccc(Cl)cc1Cl,-2.51
O=C1CN=C(c2ccccc2Cl)c2cc([N+](=O)[O-])ccc2N1,-3.499
CCCC1(CC)C(=O)NC(=O)NC1=O,1.493
CC1(C)C(C=C(Cl)C(F)(F)F)C1C(=O)OC(C#N)c1cccc(Oc2ccccc2)c1,-8.176
Clc1c(Cl)c(Cl)c2nccnc2c1Cl,-5.43
CNC(=O)C=C(C)OP(=O)(OC)OC,0.651
C=C(C(=O)O)c1ccccc1,-2.06
C=C(C)CN(CC)c1c([N+](=O)[O-])cc(C(F)(F)F)cc1[N+](=O)[O-],-6.124
OCCCc1ccccc1,-1.38
O=C1NC(=O)C2C3C(C(O)(c4ccccc4)c4ccccn4)=CC(C3=C(c3ccccc3)c3ccccn3)C12,-3.931
ClC(Cl)=CC(Cl)=C(Cl)Cl,-4.23
CCOC(=O)C=Cc1ccccc1,-3
CC(=O)O.OC1CCCCC1,-1.67
Oc1ncnc2[nH]ncc12,-2.26
C#CCCCCCC,-3.66
CCN(CC)C(=O)C(Cl)=CCOP(=O)(OC)OC,0.523
COP(=S)(Oc1cc(Cl)c(Br)cc1Cl)c1ccccc1,-5.66
ClCC(Cl)(Cl)Cl,-2.18
C#CCCCC,-2.36
O=C(O)c1cccc(Cl)c1,-2.59
CCN(CC)C(=S)SSC(=S)N(CC)CC,-4.86
CCc1cccc(C)c1N(C(=O)CCl)C(C)COC,-2.73
CC(C)CC(NC(=O)CN)C(=O)O,-0.4333
Clc1cc(Cl)c(Cl)cc1Cl,-5.56
CSc1nnc(C(C)(C)C)c(=O)n1N,-2.253
COC(=O)C(Cl)Cc1ccc(Cl)cc1,-3.77
Clc1ccc(-c2cc(Cl)ccc2Cl)c(Cl)c1,-6.57
CCOC(=O)c1ccc(N)cc1,-2.616
CN1C(C(O)=Nc2ccccn2)=C(O)c2ccccc2S1(=O)=O,4.03
CCCCCCCCCCCC(=O)OC,-4.69
CCCCCCCCC1(CC)C(=O)NC(=O)NC1=O,3.99
O=C1CN(c2ccccc2)C(=O)N1c1ccccc1,-3.8561
Cc1cc2ccccc2cc1C,-4.72
COCOC,0.48
CCCCCCCCCCCCCCCCCC(=O)O,-5.68
Cc1c([N+](=O)[O-])cccc1[N+](=O)[O-],-3
O=C(O)C(=O)O,0.38
CCC(CC)C(=O)O,-0.81
COc1c2occc2cc2ccc(=O)oc12,-3.664
Clc1cc(Cl)c(-c2c(Cl)cc(Cl)cc2Cl)c(Cl)c1,-8.71
CC12CCC(=O)C=C1CCC1C2C(O)CC2(C=O)C(C(=O)CO)CCC12,-3.85
CNC(=C[N+](=O)[O-])NCCSCc1ccc(CN(C)C)o1,-2.5009
CCCNC(=O)NS(=O)(=O)c1ccc(Cl)cc1,-3.03
CC(C)Cc1ccc(C(C)C(=O)O)cc1,-3.99
Cc1cc(C)c2ccccc2n1,-1.94
CCCCN1CCCCC1C(=O)Nc1c(C)cccc1C,-3.2241
CCCCC=O,-0.85
Nc1cccc(C(F)(F)F)c1,-1.47
CNC(=O)ON=C(SC)C(=O)N(C)C,0.106
CCNP(=S)(OC)OC(C)=CC(=O)OC(C)C,-3.408
CCCOC(=O)CC,-0.82
ClC=C(Cl)Cl,-1.96
CC(=O)N=c1sc(S(N)(=O)=O)nn1C,-1.83
COP(=O)(OC)C(O)C(Cl)(Cl)Cl,-0.22
C1CCCCCCC1,-4.15
Cn1c(=O)[nH]c2[nH]c(=O)[nH]c2c1=O,-1.56
C=CCC=C,-2.09
NC(=O)O,-0.8
CC(C)N(C(=O)CCl)c1ccccc1,-2.48
OCCN1CCN(CCCN2c3ccccc3Sc3ccc(Cl)cc32)CC1,-4.16
CCC(C)(O)C(C)(C)C,-1.27
OCc1c(Cl)cccc1Cl,-2.1
CC(C)(C)C(C)(C)O,-0.72
CCn1cc(C(=O)O)c(=O)c2cc(F)c(N3CCNCC3)cc21,-2.7565
COc1cc2c(cc1OC)C13CCN4CC5=CCOC6CC(=O)N2C1C6C5CC43,-2.09
Cc1ccnc(NS(=O)(=O)c2ccc(N)cc2)n1,-2.85
CCC(C)c1cc([N+](=O)[O-])cc([N+](=O)[O-])c1O,-3.38
O=C(O)C(O)(c1ccccc1)c1ccccc1,-2.21
O=C(O)c1cccnc1,-0.85
CC(Oc1ccc(Cl)cc1Cl)C(=O)O,-2.45
Oc1ccc(Cl)c(Cl)c1,-1.25
C=C(C)CC,-2.73
c1ccc2c(c1)ccc1c2ccc2c3ccccc3ccc21,-7.87
C=CCC,-1.94
CC12C=CC(=O)C=C1CCC1C3CC(O)C(O)(C(=O)CO)C3(C)CC(O)C12F,-3.68
CNC(N)=O,1.13
CCCCOCCO,-0.42
Cc1ccc2c(ccc3ccccc32)c1,-5.84
CC1(C)SC2C(NC(=O)C(N)c3ccccc3)C(=O)N2C1C(=O)O,1.69
Cc1cc(Cl)ccc1N=CN(C)C,-2.86
Cc1cc(O)nc(S)n1,-2.43
CC(CCc1ccccc1)NCC(O)c1ccc(O)c(C(N)=O)c1,-1.3
O=C1CCC(=O)N1,0.3
C=CCl,-1.75
O=S(=O)(CCl)CCCl,-1.5
OC(c1ccccc1)C(O)c1ccccc1,-1.93
CCCCC(=O)OCC,-2.25
CNN,1.34
COc1ccc(NC(C)=O)cc1,-1.3
O=C1NC(=O)C(O)(C2(O)C(=O)NC(=O)NC2=O)C(=O)N1,-1.99
CCOC(=O)C(CCc1ccccc1)NC(C)C(=O)N1CCCC1C(=O)O,-1.1778
FC(Cl)(Cl)CCl,-3.04
Nc1ccc(C(=O)O)c(O)c1,-1.96
C1=CN=NN=NN=C1,-3.8032
Nc1ccc(O)cc1,-0.8
c1ccc(Cc2ncc[nH]2)cc1,-2.2577
Cc1ccc(C)c(O)c1,-1.54
CCCCn1c(C)nc2c1c(=O)n(C)c(=O)n2C,1.754
CN(C)C,0.84
CC12CCC(=O)C=C1CCC1C2CCC2(C)C1CCC2(C)O,-3.999
Clc1cccc(C(Cl)(Cl)Cl)n1,-3.76
CCCCC(=O)OCN1C(=O)NC(c2ccccc2)(c2ccccc2)C1=O,-4.678
O=C1OC(c2ccc(O)cc2)(c2ccc(O)cc2)c2ccccc21,-2.9
COC(C)=O,0.46
c1ccc(-c2ccccc2)cc1,-4.345
CCC1(C2=CCC3CCC2C3)C(=O)NC(=O)NC1=O,-2.696
C=CCC1(CC)C(=O)NC(=O)NC1=O,-1.614
Cc1cc(C)c(C)c(C)c1C,-4
NS(=O)(=O)c1cc2c(cc1C(F)(F)F)NC(Cc1ccccc1)NS2(=O)=O,-3.59
CC=Cc1ccc(OC)cc1,-3.13
O=C(O)C(c1ccccc1)c1ccccc1,-3.22
CCCCNC(=O)NS(=O)(=O)c1ccccc1,-3.05
CCOC(C)=O,-0.04
Cc1ccc(-c2ccccc2)cc1,-4.62
Clc1cc(Cl)c(Cl)c(-c2cc(Cl)c(Cl)cc2Cl)c1,-8.6
ClC(Cl)=C(Cl)C(Cl)=C(Cl)Cl,-4.92
CCOC(=O)CCC(=O)OCC,-0.96
Cc1ccccc1Oc1ccccc1C,-4.85
O=C1c2ccccc2C(=O)c2c1ccc(O)c2O,-2.78
CC(=O)N(C)c1ccccc1,-0.95
O=C(O)CCCCCCCC(=O)O,-1.89
Cc1ccc(Cl)cc1,-3.08
Brc1cccc(Br)c1Br,-5.04
O=c1oc(-c2ccccc2)nc2ccccc12,-4.61
CCC(C)(O)C(C)C,-0.85
BrC(Br)C(Br)Br,-2.72
CC1(C)C(=O)N(Cl)C(=O)N1Cl,-2.6
CC(=O)C1CCC2C3CCC4=CC(=O)CCC4(C)C3CCC12C,-4.42
Cc1ccc(C)cc1,-2.77
CC(CCC(=O)O)C1CCC2C3CCC4CC(O)CCC4(C)C3CC(O)C12C,-3.95
C=CCN(CC=C)C(=O)C(Cl)Cl,-1.62
CN(C)C1C(=O)C(=C(N)O)C(=O)C2(O)C(=O)C3=C(O)c4c(O)ccc(Cl)c4C(C)(O)C3CC12,-2.88
O=C(O)CC(O)(CC(=O)O)C(=O)O,0.51
CC(=O)CCCCn1c(=O)c2c(ncn2C)n(C)c1=O,-0.56
CC1=C2C3OC(=O)C(C)C3CCC2(C)C=CC1=O,-3.09
COC(=O)c1ccc(N)cc1,-1.59
CCCCCCC(C)O,-2.09
c1ccc2c(c1)-c1cccc3cccc-2c13,-6
CCCCCCCCOC(=O)c1ccccc1C(=O)OCCCCCCCC,-5.115
Oc1ccccn1,1.02
N#Cc1ccc2c(c1)N(CCCN1CCC(O)CC1)c1ccccc1S2,-3.98
COC(=O)c1ccccc1OC1OC(COC2OCC(O)C(O)C2O)C(O)C(O)C1O,-0.742
CCNC1CC(C)S(=O)(=O)c2sc(S(N)(=O)=O)cc21,-1.2219
C=C(Cl)CSC(=S)N(CC)CC,-3.39
CCCCc1c(C)[nH]c(NCC)nc1=O,-3.03
CCOP(=S)(OCC)Oc1ccc2oc(=O)c(Cl)c(C)c2c1,-5.382
CCCCCCCCC(=O)OC,-3.38
CC1(C)CON(Cc2ccccc2Cl)C1=O,-2.338
CCCCOc1ccc(C(=O)OCCN(CC)CC)cc1,-3.84
Clc1ccc(C(c2ccccc2Cl)C(Cl)Cl)cc1,-6.51
CCCSCCC,-2.58
Fc1ccc(F)cc1,-1.97
Nc1cc[nH]c(=O)n1,-1.155
c1ccc2[nH]ncc2c1,-2.16
CNC(=O)Oc1ccccc1,-1.803
CC(C)NC(=O)N1CC(=O)N(c2cc(Cl)cc(Cl)c2)C1=O,-4.376
Cc1nnc2n1-c1ccc(Cl)cc1C(c1ccccc1Cl)=NC2,-4.09
CN(C)C1C(=O)C(=C(O)NCN2CCCC2)C(=O)C2(O)C(=O)C3=C(O)c4c(O)cccc4C(C)(O)C3CC12,-1.42
CC(CCC(=O)NCC(=O)O)C1CCC2C3C(O)CC4CC(O)CCC4(C)C3CC(O)C12C,-5.15
CCN1C(=O)c2cccnc2N(CC)c2ncccc21,-2.86
Cc1cc(=O)[nH]o1,-0.07
Clc1cc(Cl)c(Oc2cc(Cl)c(Cl)cc2Cl)c(Cl)c1,-8.04
O=C1NC(=O)C2C=CC=CC12,-2.932
CCCCC(CC)CO,-2.11
O=C(O)CCCCC(=O)O,-0.82
ClC(Cl)C(Cl)(Cl)Cl,-2.6
COCC(=O)N(c1c(C)cccc1C)C(C)C(=O)OC,-1.601
CCOC(=O)N(C)C(=O)CSP(=S)(OCC)OCC,-2.518
IC=CI,-3.22
CCn1cc(C(=O)O)c(=O)c2cc(F)c(N3CCNC(C)C3)c(F)c21,-2.3328
CN(C)C(=O)Nc1ccc(-n2nc(C(C)(C)C)oc2=O)c(Cl)c1,-4.328
Cc1cc(NS(=O)(=O)c2ccc(N)cc2)no1,-2.7
O=C(CO)Nc1ccccc1,-2.24
O=S(=O)(CCCl)CCCl,-1.5
CCC1(C)C(=O)NC(=O)NC1=O,-1.228
CCCC(O)CC,-0.8
CC(=O)Nc1ccc(S(N)(=O)=O)cc1,-1.61
c1ccc(-c2ccc(-c3ccccc3)cc2)cc1,-7.11
CSCS(=O)CC(CO)NC(=O)C=Cc1c(C)[nH]c(=O)[nH]c1=O,-1.981
CCCCn1c(=O)c2c(ncn2C)n(C)c1=O,1.655
O=[N+]([O-])c1cc([N+](=O)[O-])cc([N+](=O)[O-])c1,-2.89
O=C1C=CC(=O)C=C1,-0.99
O=[N+]([O-])c1ccc(Cl)c(Cl)c1,-3.2
CCCCCCCC1(CC)C(=O)NC(=O)NC1=O,3.324
Cc1cc(C)cc(C)c1,-3.4
c1cc2ccc3cccc4ccc(c1)c2c34,-6.176
C=Cc1ccccc1,-2.82
O=[N+]([O-])c1ccc(O)cc1,-0.74
COc1cc(NS(=O)(=O)c2ccc(N)cc2)nc(C)n1,-2.54
COc1cc2c(N)nc(N3CCN(C(=O)OCC(C)(C)O)CC3)nc2c(OC)c1OC,-3.638
O=C(O)c1ccccc1Nc1cccc(C(F)(F)F)c1,-4.36
O=c1[nH]cnc2nc[nH]c12,-2.296
NC(C(=O)O)c1ccccc1,-1.2676
CC(CCC(=O)[O-])C1CCC2C3CC(O)C4CC(O)CCC4(C)C3CCC12C.[Na+],-3.82
OCc1ccccc1OC1OC(CO)C(O)C(O)C1O,-0.85
CC(C)(C)C(=O)C1C(=O)c2ccccc2C1=O,-4.11
CNC(=O)Oc1cccc(N=CN(C)C)c1,-2.34
Clc1ccccc1-c1c(Cl)cc(Cl)c(Cl)c1Cl,-7.43
O=C1Nc2ccc(Cl)cc2C(c2ccccc2Cl)=NC1O,-3.604
Cc1ccnc2c1ccc1c(C)ccnc12,-3.97
C=CC(=O)OCC(C)C,-1.21
COc1ccc(C(O)(c2cncnc2)C2CC2)cc1,-2.596
CCCN(CCC)CCC,-2.28
Cc1ccc(C)c2c(C)cccc12,-4.92
Clc1cccc2ccccc12,-3.93
CC1OC(OC2C(O)CC(OC3C(O)CC(OC4CCC5(C)C(CCC6C5CCC5(C)C(C7=CC(=O)OC7)CCC65O)C4)OC3C)OC2C)CC(O)C1O,-5.293
COc1ccc(NC(=O)N(C)C)cc1Cl,-2.564
CCCCCCCCC(=O)O,-2.75
CC(C)OC(=O)C(O)(c1ccc(Cl)cc1)c1ccc(Cl)cc1,-4.53
CCCOC,-0.39
C#CC(C)N(C)C(=O)Nc1ccc(Cl)cc1,-3.9
CC(C)Cc1ccccc1,-4.12
CCCC1C(=O)N2C(N(C)C)=Nc3ccc(C)cc3N2C1=O,-3.538
CN(C)CCC=C1c2ccccc2Sc2ccc(Cl)cc21,-6.75
C=C1CC23CC1(O)CCC2C12C=CC(O)C(C)(C(=O)O1)C2C3C(=O)O,-1.84
CCC1(c2ccccc2)C(=O)NC(=O)NC1=O,-2.322
CC(=O)Nc1ccc(Br)cc1,-3.083
CCNc1nc(NC(C)C)nc(SC)n1,-3.04
CC(C)CC(C)CO,-1.6
CN1CCC23c4c5ccc(O)c4OC2C(O)C=CC3C1C5.O.O.O.O.O.O=S(=O)(O)O,-3.28
CCN(Cc1c(F)cccc1Cl)c1c([N+](=O)[O-])cc(C(F)(F)F)cc1[N+](=O)[O-],-6.78
CC(C)(c1ccc(O)cc1)c1ccc(O)cc1,-2.82
C=CCN1CCC23c4c5ccc(O)c4OC2C(=O)CCC3(O)C1C5,-2.8978
CN1C2CC(OC(=O)C(CO)c3ccccc3)CC1C1OC12,-0.48
CCCCC(=O)OC1(C(=O)CO)C(C)CC2C3CCC4=CC(=O)C=CC4(C)C3(F)C(O)CC21C,-4.71
Cc1ccc(C)c(C)c1,-3.31
CCCCN(CC)C(=O)SCCC,-3.53
Oc1cccc2ccccc12,-2.22
CN1CCOCC1,1
CCN(CC)c1c([N+](=O)[O-])cc(C(F)(F)F)c(N)c1[N+](=O)[O-],-3.561
C#CC,-0.41
CCCCC1(C(=O)[O-])C=CC=CC1(CCCC)C(=O)[O-],-4.4
C=C(C)C,-2.33
CCCCOC(C)=O,-1.24
CCCCCC1(CC)C(=O)NC(=O)NC1=O,2.34
Nc1cc(N2CCCCC2)nc(N)[n+]1[O-],-1.989
ClC(Cl)=C(Cl)Cl,-2.54
O=C1NC(=O)C([N+](=O)[O-])C(=O)N1,-2.28
O=C(O)C1CCCCC1,-1.45
Cc1ccccc1-n1c(C)nc2ccccc2c1=O,-2.925
Oc1ccc2c(c1)CCCC2,-1.99
Nc1ncc2nccnc2n1,2.313
CN(C)C1C(O)=C(C(N)=O)C(=O)C2(O)C(O)=C3C(=O)c4c(O)cccc4C(C)(O)C3C(O)C12,-3.14
CCCCCC(=O)OCC,-2.35
O=C1NC(=O)C2(CCCCC2)C(=O)N1,-3.06
CCC(=C(CC)c1ccc(O)cc1)c1ccc(O)cc1,-4.07
NC(Cc1ccccc1)C(=O)O,-1.23
CCC(C=O)CC,-1.52
Cc1cc2ccccc2c2ccc3ccccc3c12,-6.59
c1ccc2c(c1)c1cccc3ccc4cccc2c4c31,-7.8
COC1=CC(=O)CC(C)C12Oc1c(Cl)c(OC)cc(OC)c1C2=O,-3.246
COc1ccc(C=O)cc1,-1.49
CCC1(CC=C(C)C)C(=O)NC(=O)NC1=O,-2.253
O=C(O)c1ccsc1,-1.47
O=[N+]([O-])c1ccc(Oc2ccc(Cl)cc2Cl)cc1,-5.46
OC(c1ccc(Cl)cc1)(c1cncnc1)c1ccccc1Cl,-4.38
O=c1[nH]c2cc(Cl)ccc2o1,-2.831
CCOc1ccc(C(=O)OCCN(CC)CC)cc1,-2.71
c1ccc2c(c1)cc1ccc3cccc4ccc2c1c34,-8.699
Nc1ccc(C(=O)O)cc1,-0.4
COC1=C(OC)C2C(=O)OCC2C=C1,-1.899
NNc1ccccc1,0.07
Clc1c(Cl)c(Cl)c2c(oc3c(Cl)c(Cl)c(Cl)c(Cl)c32)c1Cl,-11.59
CN1CC2CC1CN2c1cc2c(cc1F)c(=O)c(C(=O)O)cn2C1CC1,-2.8996
Cc1cccc(O)c1,-0.68
Cc1ccc(S(N)(=O)=O)cc1,-1.74
CC(C)C(O)C(C)C,-1.22
CC=CCC,-2.54
Ic1cccc2ccccc12,-4.55
Clc1c(Cl)c(Cl)c2c(c1Cl)Oc1c(Cl)c(Cl)c(Cl)c(Cl)c1O2,-12.79
Oc1cccc2cccnc12,-2.42
O=c1oc2ccccc2c(O)c1C1CCCc2ccccc21,-2.84
O=[N+]([O-])c1ccc(Oc2ccc(C(F)(F)F)cc2[N+](=O)[O-])cc1,-5.22
Clc1cc(Cl)c(-c2ccccc2)cc1Cl,-6.27
Nc1nc(N)c2nc(-c3ccccc3)c(N)nc2n1,-2.404
Cc1cc(S(=O)(=O)c2ccccc2)ccc1NS(=O)(=O)C(F)(F)F,-3.8
Nc1cccc2ccccc12,-1.92
Nc1[nH]c(=O)nc2nc[nH]c12,-3.4
Cc1ccc2ccc(C)nc2c1,-1.94
Clc1ccc(-c2ccc(Cl)c(Cl)c2Cl)c(Cl)c1,-7.8
CN(C)C1C(O)=C(C(N)=O)C(=O)C2(O)C(O)=C3C(=O)c4c(O)ccc(Cl)c4C(O)C3CC12,-2.52
CCc1nnc(NS(=O)(=O)c2ccc(N)cc2)s1,-1.94
CCCSC(=O)N(CCC)CCC,-3.3
COP(=S)(OC)SCC(=O)N(C)C=O,-1.995
Cc1ccc([N+](=O)[O-])cc1,-2.49
ClC1C(Cl)C(Cl)C(Cl)C(Cl)C1Cl,-4.64
CC1(C)C(C=C(Br)Br)C1C(=O)OC(C#N)c1cccc(Oc2ccccc2)c1,-8.402
NCCc1ccc(O)cc1,-1.12
NC(Cc1c[nH]c2ccccc12)C(=O)NCC(=O)O,-0.8466
CCOC=O,0.15
CCCNCCC,-0.46
Cc1ccc(OP(=O)(Oc2ccc(C)cc2)Oc2ccc(C)cc2)cc1,-6.7
CCCCOC(=O)c1ccc(O)cc1,-2.72
O=c1n(CCCN2CCN(c3cccc(Cl)c3)CC2)nc2ccccn12,-3.47
ClC(Br)Br,-1.9
O=C(O)Cc1c[nH]c2ccccc12,-2.07
O=C(O)CCC(=O)c1ccc(-c2ccccc2)cc1,-5.06
C=CCOC(=O)c1ccccc1C(=O)OCC=C,-3.13
NCC(=O)NC(Cc1ccc(O)cc1)C(=O)O,-0.7326
COc1ccccc1Cl,-2.46
O=[N+]([O-])c1c(Cl)c(Cl)c(Cl)c(Cl)c1Cl,-5.82
CCCCCCCCCCCCCCCC(=O)O,-6.81
CC(=O)Oc1c(C(C)(C)C)cc([N+](=O)[O-])c(C)c1[N+](=O)[O-],-4.47
CCC(C)C(C)=O,-0.67
CC(C)C1=CC2=CCC3C(C)(C(=O)O)CCCC3(C)C2CC1,-3.8
CCCCCCCCCCCCCCO,-5.84
CCOc1cc(C=O)ccc1O,-1.77
COC(C)(C)C,-0.24
Clc1cnc2cncnc2n1,-0.87
CC(C)CCCC(C)C1CCC2C3CC=C4CC(O)CCC4(C)C3CCC12C,-7
COc1nc(NC(C)C)nc(NC(C)C)n1,-2.478
CCCCCCCC=O,-2.36
O=C(O)c1ccccc1I,-2.73
CC1=CCCCC1,-3.27
CC(=O)OC1CCC2(C)C(=CCC3C4CCC(=O)C4(C)CCC32)C1,-4.46
Nc1ccnc(=O)[nH]1,-1.16
ClCBr,-0.89
CCCCCOC(=O)c1ccc(N)cc1,-3.26
Clc1cccc(-c2ccccc2)c1,-4.88
O=c1cc[nH]c(=O)[nH]1,-1.488
OCC1OC(OC2C(CO)OC(O)C(O)C2O)C(O)C(O)C1O,-0.244
O=C(O)c1ccccc1Cl,-1.89
CCC(Br)(CC)C(=O)NC(N)=O,-2.68
CC1OC(OC2C(O)CC(OC3C(O)CC(OC4CCC5(C)C(CCC6C5CC(O)C5(C)C(C7=CC(=O)OC7)CCC65O)C4)OC3C)OC2C)CC(O)C1O,-4.081
ClC(Cl)(Cl)C(Cl)(Cl)Cl,-3.67
Clc1ccc(-c2ccccc2Cl)cc1,-5.28
ClC1=C(Cl)C2(Cl)C3C4CC(C5OC45)C3C1(Cl)C2(Cl)Cl,-6.29
CC(=O)OCC(O)CO.CC(=O)[O-].CC(=O)[O-],-0.6
CCCCc1c(C)[nH]c(N(C)C)nc1=O,-2.24
Clc1cc2oc3c(Cl)c(Cl)c(Cl)c(Cl)c3c2cc1Cl,-10.66
CCOP(=S)(OCC)Oc1ccc(S(C)=O)cc1,-2.3
O=C1c2cccc(O)c2C(=O)c2c(O)cccc21,-5.19
O=C(O)C=Cc1cnc[nH]1,-1.96
CCCCCCC=O,-1.7
Oc1ccnc(S)n1,-2.26
Clc1cc(Cl)c(-c2ccc(Cl)c(Cl)c2Cl)cc1Cl,-8.32
O=C1NC(=O)C2(CCC2)C(=O)N1,-1.655
Sc1ncc2nccnc2n1,-2.77
CCc1cccc2ccccc12,-4.17
CC(C)OP(=S)(OC(C)C)SCCNS(=O)(=O)c1ccccc1,-4.2
c1ccc(Cc2ccccc2)cc1,-4.08
O=C(O)CCCOc1ccc(Cl)cc1Cl,-3.67
Cc1ccc(N)cc1,-1.21
CN(C)CCOC(c1ccccc1)c1ccccc1,-2.9457
CSc1nc(NC(C)C)nc(NC(C)C)n1,-4.1
Nc1ccc(S(=O)(=O)c2ccc(N)cc2)cc1,-3.094
Clc1ccc(-c2ccc(Cl)cc2Cl)c(Cl)c1,-6.51
CC12CCC3C(=CCc4cc(O)ccc43)C1CCC2O,4.42
CCN(CC)c1nc(Cl)nc(N(CC)CC)n1,-4.411
COc1ccc(OC)c(C=O)c1,-2.32
O=[N+]([O-])c1cccc([N+](=O)[O-])c1,-2.29
CC(C)CC(N)C(=O)NC(Cc1c[nH]c2ccccc12)C(=O)O,-1.1178
CC(C)COC=O,-1.01
NC(CS)C(=O)O,-1.1871
Nc1nc2nc[nH]c2c(=O)[nH]1,-3.58
Clc1ccc(C(c2ccc(Cl)cc2)C(Cl)Cl)cc1,-7.2
CCCCCOC(N)=O,-1.47
CCC1NC(=O)NC1=O,-0.06
CCN(CC)c1nc(Cl)nc(NC(C)C)n1,-3.785
NC(N)=Nc1nc(CSCCC(N)=NS(N)(=O)=O)cs1,2.48
O=C(O)c1ccccc1,-1.55
COc1cc(C(=O)O)ccc1O,-2.05
CCC(N)Cc1c[nH]c2ccccc12,-2.57
Cc1cccc(C)c1NC(=O)C1CCCCN1C,-1.55
CCCCC(=O)OC,-1.34
CCCCCNCCOC(=O)c1ccc(N)cc1,-3.27
Clc1ccc(Cl)c(-c2cccc(Cl)c2Cl)c1,-6.47
Oc1cc(Cl)c(Cl)c(Cl)c1Cl,-3.15
Cn1c(=O)c2c(ncn2C)n(C)c1=O,-0.876
CC(=O)OCCN1CCN(CCCN2c3ccccc3Sc3ccc(Cl)cc32)CC1,-4.7
CC(C)(C(=O)O)C(C)(CC(=O)O)C(=O)O,-0.29
CC1CCCC(=O)C1,-1.87
ClC(Cl)=C(c1ccc(Cl)cc1)c1ccc(Cl)cc1,-6.9
CC(C)(C)OC(N)=O,0.1
CN(C)C(=O)SCCCCOc1ccccc1,-3.927
Clc1cc(Cl)c(Cl)c(-c2cc(Cl)cc(Cl)c2Cl)c1,-6.96
S=c1[nH]c2ccccc2s1,-3.18
CCCCCCCCCC1(CC)C(=O)NC(=O)NC1=O,4.484
CCn1c(=O)c2c(ncn2C)n(C)c1=O,1.139
CC(C)C(Nc1ccc(C(F)(F)F)cc1Cl)C(=O)OC(C#N)c1cccc(Oc2ccccc2)c1,-8.003
CCOC(=O)c1ccc(O)cc1,-2.35
CCCCCCOC(C)=O,-2.46
O=C(O)C1C2CCC(O2)C1C(=O)O,-0.27
CC1c2cccc(O)c2C(O)=C2C(=O)C3(O)C(=O)C(=C(N)O)C(=O)C(N(C)C)C3C(O)C21.O,-2.87
CCC(=O)c1ccccc1,-1.83
Clc1cc(Cl)c(Oc2ccccc2)cc1Cl,-6.58
CC(C)OC(=O)Nc1cccc(Cl)c1,-3.38
Oc1ccc(Br)cc1,-1.09
OCCc1ccccc1,-0.74
ClC1=C(Cl)C2(Cl)C3C4C=CC(C4)C3C1(Cl)C2(Cl)Cl,-6.307
C=CCC1(CC=C)C(=O)NC(=O)NC1=O,-2.077
Clc1cc(Cl)c(Oc2cc(Cl)c(Cl)cc2Cl)cc1Cl,-8.36
Clc1ccc(C(c2ccc(Cl)cc2)C(Cl)(Cl)Cl)cc1,-7.15
C1CCN2CC3CC(CN4CCCCC34)C2C1,-1.89
Cc1cc(C)c(O)c(C)c1,-2.05
CC(C)CCBr,-2.89
COC(=O)c1cccnc1,-0.46
CCCCCCCCCCCC(=O)O,-4.62
C#CC(C)(C)NC(=O)c1cc(Cl)cc(Cl)c1,-4.23
c1ccc2c(c1)sc1ccccc12,-4.38
COc1ccc2c(c1OC)C(=O)OC2C1c2cc3c(cc2CCN1C)OCO3,-4.11
Cc1cccc(Br)c1,-3.52
CCCC(C)(COC(N)=O)COC(N)=O,-1.807
O=c1c(C(CC(O)c2ccc(-c3ccc(Br)cc3)cc2)c2ccccc2)c(O)oc2ccccc12,-4.45
NC(=O)CC(N)C(=O)O,-0.74
NC(Cc1cnc[nH]1)C(=O)O,-0.53
CCCCOC(=O)c1ccccc1C(=O)OCCCC,-4.4
CC[N+](=O)[O-],-0.22
CC(N)=O,1.58
CC(=O)OCCN1CCN(CCCN2c3ccccc3Sc3ccc(Cl)cc32)CC1.[Cl-].[Cl-].[H+].[H+],-4.7
COP(=S)(OC)Oc1cc(Cl)c(Cl)cc1Cl,-5.72
CCn1cnc2c1c(=O)n(C)c(=O)n2C,0.854
CCC1(C2=CCCCC2)C(=O)NC(=O)NC1=O,-2.17
CN(C)C(=O)N(C)C,0.94
NC(=O)c1ccccc1C(N)=O,-2.92
O=[N+]([O-])c1cccc(Cl)c1,-2.77
Cc1ccc(Br)cc1,-3.19
CC=CCC#N,-0.96
Oc1ccccc1,0
CN(C)C1C(=O)C(=C(N)O)C(=O)C2(O)C(=O)C3=C(O)c4c(O)cccc4C(C)(O)C3CC12,-3.12
CC12CCC(CC1)C(C)(C)O2,-1.64
O=c1ccc2ccccc2[nH]1,-2.14
O=C([O-])C1C2CCC(O2)C1C(=O)[O-].[Na+].[Na+],-0.27
Cc1c[nH]c2ccccc12,-2.42
Cc1cc(C)cc(O)c1,-1.4
CC(=O)Nc1ccc(Cl)cc1,-2.843
Fc1ccccc1Br,-2.7
BrCBr,-1.17
BrCCCBr,-2.08
O=[N+]([O-])OCC(CO[N+](=O)[O-])O[N+](=O)[O-],-2.22
NC(=O)NC1NC(=O)NC1=O,-1.6
Oc1cc(Cl)c(Cl)cc1Cl,-2.21
Cc1cc(N)nc(C)n1,-1.28
CCCC(=O)Nc1ccc(OCC(O)CNC(C)C)c(C(C)=O)c1,-2.68
OC(c1ccc(Cl)cc1)(c1ccc(Cl)cc1)C(Cl)(Cl)Cl,-5.666
Brc1ccc(Br)c(Br)c1,-4.5
Cc1cc(=O)n(-c2ccccc2)n1C,0.715
CCCC1(CCC)C(=O)NC(=O)NC1=O,2.602
O=c1ccnc[nH]1,0.59
CN(C)CCC=C1c2ccccc2COc2ccccc21.[Cl-].[H+],-3.4
COC(=O)c1ccc(O)cc1,-1.827
CNC(=O)Oc1ccccc1C(C)C,-2.863
CCOP(=S)(OCC)SCSC(C)(C)C,-4.755
C1COCCN1,1.06
Nc1ccc([N+](=O)[O-])cc1,-2.37
Clc1ccc(Cl)c(-c2c(Cl)cccc2Cl)c1,-6.8
C=CCc1ccc(O)c(OC)c1,-1.56
Clc1cc(Cl)c(-c2c(Cl)c(Cl)cc(Cl)c2Cl)cc1Cl,-8.94
CN1c2ccccc2Sc2ccc(CC(=O)O)cc21,-3.94
COC1=CC23CCc4ccc(OC)c(O)c4C2(CCN3C)CC1=O,-1.87
O=C1C(Cl)C(CCl)CN1c1cccc(C(F)(F)F)c1,-4.047
Nc1ccc(Cc2ccc(N)cc2)cc1,-2.3
Clc1ccc(-c2cccc(Cl)c2Cl)cc1,-6.29
CN(C)C(=O)Nc1ccc(Oc2ccc(Cl)cc2)cc1,-4.89
O=C1CCC(N2C(=O)c3ccccc3C2=O)C(=O)N1,-2.676
COC(=O)c1ccc(OC)cc1,-2.41
Oc1ccc(I)cc1,-1.7142
ClC1(Cl)C2(Cl)C3(Cl)C4(Cl)C(Cl)(Cl)C5(Cl)C3(Cl)C1(Cl)C5(Cl)C24Cl,-6.8
Clc1cc(-c2c(Cl)c(Cl)c(Cl)c(Cl)c2Cl)c(Cl)c(Cl)c1Cl,-10.26
NC(CO)C(=O)O,-1.1367
CCO,1.1
CCI,-1.6
CC(C)CCOC=O,-1.52
CCC,-1.94
Clc1ccccc1I,-3.54
CC(=O)N(C)C,1.11
O=C1c2ccccc2Cc2ccccc2N1CCF,-3.535
Clc1ccc(Oc2ccc(Cl)cc2Cl)c(Cl)c1,-6.82
OCC1OC(OCC2OC(OC3(CO)OC(CO)C(O)C3O)C(O)C(O)C2O)C(O)C(O)C1O,-0.41
CCl,-0.88
CC(=O)C1(O)CCC2C3CCC4=CC(=O)CCC4(C)C3CCC21C,-3.817
Cc1ccc(C(=O)c2ccc(CC(=O)O)n2C)cc1,-4.0919
COc1ccc2c(c1O)C13CCN(C)C(C2)C1C=CC(=O)C3,-1.87
COc1ccc(Cl)c(Cl)c1Cl,-4.29
C1CCCCC1,-3.1
CC12CCc3c(ccc4cc(O)ccc34)C1CCC2=O,-5.24
CC(C)(C)CO,-0.4
Clc1cccc(-c2cc(Cl)ccc2Cl)c1,-6.01
c1cncnc1,1.1
COc1c(Cl)cc(Cl)c(Cl)c1Cl,-5.13
O=C(C[N+](=O)[O-])Nc1ccccc1,-1.91
CCCC(O)CCC,-1.4
CC1CC(C)C(=O)C(C(O)CC2CC(=O)NC(=O)C2)C1,-1.13
CN1CCCC1=O,1
NC(CC(=O)O)C(=O)O,-1.2219
CN(C)C(=O)NC1CC2CC1C1CCCC21,-3.171
C#CC1(O)CCC2C3CCC4=Cc5oncc5CC4(C)C3CCC21C,-5.507
CCn1cc(C(=O)O)c(=O)c2cnc(N3CCNCC3)nc21,-2.98
ClCCl,-0.63
Cc1cc(F)c(F)c(F)c1C(=O)O,-1.6
CC12CCC3C(=CCc4cc(O)ccc43)C1CCC2=O,-5.282
Clc1cc(-c2ccccc2)c(Cl)c(Cl)c1Cl,-7.16
O=C(Cc1cccs1)NC1C(=O)N2C(C(=O)[O-])=C(C[n+]3ccccc3)CSC12,-1.32
O=C(O)c1cc(I)cc(I)c1O,-3.31
O=C(c1ccccc1)c1ccccc1,-3.12
Nc1cc2c3ccccc3ccc2c2ccccc12,-6.2
CC1=NS(=O)(=O)c2cc(Cl)ccc2N1,-3.3621
C=CCOc1ccc(CC(=O)O)cc1Cl,-3.13
CC(=O)OCC(C)C,-1.21
CC(C)N(C(=O)SCC(Cl)=CCl)C(C)C,-4.286
CCCCC(C=O)CC,-2.13
CN1C(=O)CN=C(c2ccccc2)c2cc(Cl)ccc21,-3.754
CSc1nc(N(C)C)nc(N(C)C)n1,-2.676
Clc1c(Cl)c(Cl)c(-c2ccccc2)c(Cl)c1Cl,-7.92
c1ccc2c(c1)ccc1cc3c(ccc4ccccc43)cc12,-8.66
Clc1c(Cl)c(Cl)c(Oc2c(Cl)c(Cl)c(Cl)c(Cl)c2Cl)c(Cl)c1Cl,-12.95
Clc1cc2oc3c(Cl)c(Cl)c(Cl)cc3c2cc1Cl,-9.16
CCCCOC=O,-1.37
CCCCCCCCC=O,-3.17
CSc1cnc2cncnc2n1,-1.55
CC1(C(=O)[O-])CCC(C(=O)[O-])C1(C)C,-1.42
CCOc1ccccc1,-2.33
O=c1cc[nH]cc1,1.02
COc1cc(Cl)c(Cl)c(Cl)c1OC,-4.37
O=Cc1ccccc1,-1.19
CCOP(=S)(OCC)SCn1c(=O)oc2cc(Cl)ccc21,-5.233
CC(C)OC(C)C,-1.1
Clc1ccc(Cl)c(-c2cc(Cl)ccc2Cl)c1,-7
CCOC(=O)CC(=O)OCC,-0.82
Clc1cc(Cl)c(-c2cc(Cl)cc(Cl)c2Cl)c(Cl)c1,-8.71
CC12CCC3C(CCC4CC(O)CCC43C)C1CCC2=O,-4.402
OC1CCN2C1=Nc1ccccc1C2O,-2.07
COP(=S)(OC)Oc1nc(Cl)c(Cl)cc1Cl,-4.82
ClC(Cl)(Cl)Cl,-2.31
COC(=O)c1ccccc1C(=O)OC,-1.66
CC1=C(C(=O)Nc2ccccc2)SCCO1,-3.14
CC(C)c1ccccc1,-3.27
CCC1CCCCC1,-4.25
C=CCCCCC,-3.73
Cc1cc([N+](=O)[O-])cc([N+](=O)[O-])c1O,-1.456
Nc1cc(Cl)cc(C(=O)O)c1Cl,-2.47
Oc1c(Cl)ccc(Cl)c1Cl,-2.64
COc1ncc2nccnc2n1,-1.11
NC(Cc1ccc(O)cc1)C(=O)NCC(=O)O,-1.0983
CC1CC2C3CCC4=CC(=O)C=CC4(C)C3(F)C(O)CC2(C)C1(O)C(=O)CO,-3.59
CN(C)C(=O)Nc1ccc(Cl)cc1,-2.89
CCCCNCCCC,-1.44
C=CC=C,-1.87
CCCCN(CCCC)CCCC,-3.12
CC(C)C(N)C(=O)NC(C(=O)O)C(C)C,-0.4056
Cc1ccc(C(C)C)c(O)c1,-2.22
O=C1NC(=O)C2(CCCC2)C(=O)N1,-2.349
CCC=CC#N,-0.96
C=CC=O,0.57
N#Cc1cc(Br)c(O)c(Br)c1,-3.33
c1cc2c3c(cccc3c1)CC2,-4.63
CCCCC1C(=O)N(c2ccccc2)N(c2ccc(O)cc2)C1=O,-3.73
BrC(Br)(Br)Br,-3.14
O=C1NC(=O)C(=O)C(=O)N1,-1.25
CN(C)C(=O)Nc1ccccc1,-1.6
Cc1cnc2ncncc2n1,0.06
Oc1ccc(-c2ccccc2)cc1,-3.48
CCCC(C)O,-0.29
O=C(O)Cc1ccccc1Nc1c(Cl)cccc1Cl,5.59
Cc1cccc(C)c1NC(=O)c1cc(S(N)(=O)=O)c(Cl)cc1O,-3.79
CN(C)c1cnc2cncnc2n1,0.094
O=C(NC(CO)C(O)c1ccc([N+](=O)[O-])cc1)C(Cl)Cl,-2.111
Cc1cc2nc3c(=O)[nH]c(=O)nc-3n(CC(O)C(O)C(O)CO)c2cc1C,-3.685
CCCC(=O)OCC,-1.36
Clc1ccc(Cl)c(Cl)c1Cl,-4.57
FC(F)(F)c1cccc(C(c2ccccc2)(c2ccccc2)n2cncn2)c1,-8.4
Cc1ccc(C(C)C)cc1O,-2.08
CC1CCCCC1NC(=O)Nc1ccccc1,-4.11
CCCCCOC(=O)CC,-1.28
C=CCCCO,-0.15
NC(=S)Nc1ccccc1,-1.77
CC(=O)OCC(=O)C1(O)CCC2C3CCC4=CC(=O)CCC4(C)C3C(O)CC21C,-4.88
C=CCCCC,-3.23
CN(C)CCCN1c2ccccc2Sc2ccc(Cl)cc21,-5.01
CCS(=O)(=O)CC,0.04
CC(C)C(=O)C(C)C,-1.3
OCC1OC(OC2(CO)OC(CO)C(O)C2O)C(O)C(O)C1O,0.79
Cc1ncnc2nccnc12,-0.466
c1ccc2[nH]ccc2c1,-1.52
CCNc1nc(NCC)nc(SC)n1,-2.68
CCCCCc1ccccc1,-4.64
COC(=O)C1=CCCN(C)C1,0.81
Cn1ccccc1=O,0.96
Cc1ccc(OP(=O)(Oc2cccc(C)c2)Oc2ccccc2C)cc1,-6.01
CCC1(CC)C(=O)NC(=O)N(C)C1=O,-2.23
O=C1CN(N=Cc2ccc([N+](=O)[O-])o2)C(=O)N1,-3.38
Cc1cccc(C)c1O,-1.29
CCCCCCCC(=O)OCN1C(=O)NC(c2ccccc2)(c2ccccc2)C1=O,-6.523
Cc1cccc(C)c1C,-3.2
Cc1ccc(S(=O)(=O)NC(=O)NN2CCCCCC2)cc1,-3.68
CCCOCCC,-1.62
CCOP(=S)(OCC)Oc1nc(Cl)c(Cl)cc1Cl,-5.67
Nc1ncnc2nc[nH]c12,-2.12
Clc1ccc(-c2ccccc2)cc1Cl,-6.39
CC(C)CCCO,-1.14
O=c1c(C2CCCc3ccccc32)c(O)oc2ccccc12,-2.84
N#Cc1c(Cl)c(Cl)c(Cl)c(C#N)c1Cl,-5.64
OC1CCCCC1,-0.44
CCN(CC)CC(=O)Nc1c(C)cccc1C,-1.76
CCCc1ccccc1,-3.37
Cc1ccccc1Cl,-3.52
CCC1NC(=O)c2cc(S(N)(=O)=O)c(Cl)cc2N1,-3.29
Cc1cccc(N)c1,-0.85
OCCN(CCO)c1nc(N2CCCCC2)c2nc(N(CCO)CCO)nc(N3CCCCC3)c2n1,-5.16
Oc1c(Cl)c(Cl)cc(Cl)c1Cl,-3.37
CC(=O)Nc1ccccc1[N+](=O)[O-],-1.91
CC(C(=O)O)c1cccc(Oc2ccccc2)c1,-3.6982
c1ccc(NNc2ccccc2)cc1,-2.92
c1ccc2[nH]nnc2c1,-0.78
O=C(Nc1ccccc1)N(Cc1ccc(Cl)cc1)C1CCCC1,-5.915
COC(C)C,-0.06
O=C1CCCCC1,-0.6
Oc1ccc(Cl)cc1Cc1cc(Cl)ccc1O,-3.953
CC1=C(C(=O)Nc2ccccc2)CCCO1,-2.56
CC1CNC(C)CN1,0.49
Nc1ccccc1Cl,-1.52
O=C(O)c1cc(Br)c(O)cc1O,-2.6203
Cc1ncc2nccnc2n1,-0.12
CCC1(C(C)C)C(=O)NC(=O)NC1=O,-2.21
CCC1(C(C)=C2CCCCC2)C(=O)NC(=O)NC1=O,3.535
O=NN(c1ccccc1)c1ccccc1,-3.75
c1ccccc1,-1.64
CCC(=O)OCN1C(=O)NC(c2ccccc2)(c2ccccc2)C1=O,-4.907
Oc1c(Cl)c(Cl)c(Cl)c(Cl)c1Cl,-4.28
CC(=O)SC1CC2=CC(=O)CCC2(C)C2CCC3(C)C(CCC34CCC(=O)O4)C12,-4.173
Cc1ccnc2c1NC(=O)c1cccnc1N2C1CC1,-3.19
Clc1ccc(Oc2ccc(Cl)c(Cl)c2)cc1Cl,-6.98
CCCCn1cnc2c1c(=O)n(C)c(=O)n2C,1.886
Clc1cc(Cl)c(-c2ccccc2)c(Cl)c1,-6.14
CC(C)(C)CCCO,-1.55
O=[N+]([O-])c1cccc2ccccc12,-3.54
CN(C)CCN(Cc1ccccc1)c1ccccn1,-2.64
CN(C)CCN(Cc1cccs1)c1ccccn1,-2.64
CC(C(=O)O)c1ccc(N2Cc3ccccc3C2=O)cc1,-4.82
CCCCCCCCCCCCCCCC,-8.4
CC1CCC(C)CC1,-4.47
O=Cc1ccc(O)cc1,-0.96
CN(Cc1cnc2nc(N)nc(N)c2n1)c1ccc(C(=O)NC(CCC(=O)O)C(=O)O)cc1,4.29
O=C1CNC(=O)N1,-0.4
CCCCCCC(C)=O,-2.05
CCCCCCCCCCCCCCCO,-6.35
CC(C)(C)NCC(O)COc1cccc2c1CC(O)C(O)C2,-1
CBr,-0.79
Nc1ccc2cc3ccccc3cc2c1,-5.17
CCNc1nc(NC(C)(C)C)nc(OC)n1,-3.239
O=c1nc2[nH][nH]cc-2c(=O)[nH]1,-1.99
Cc1cccc2ccccc12,-3.7
CCN1c2ccccc2C(=O)N(C)c2ccccc21,-4.749
CC(CCC(=O)O)C1CCC2C3C(O)CC4CC(O)CCC4(C)C3CC(O)C12C,-3.37
CNC(=O)ON=CC(C)(C)SC,-0.71
CCOP(=S)(OCC)Oc1ccc([N+](=O)[O-])cc1,-4.66
C=C(C)CCC,-3.03
C#CCCC,-1.64
ClC=CCl,-1.3
CCCOC=O,-0.49
COc1cnc2ncncc2n1,-1.139
COC(=O)c1ccc(C(=O)OC)cc1,-4.01
CC1OC(OC2C(O)C(O)C(O)C(O)C2O)C(N)CC1N=C(N)C(=O)O,-2.93
CCCCc1c(C)nc(N(C)C)nc1O,-2.24
Clc1ccc(Cl)c(-c2c(Cl)c(Cl)c(Cl)c(Cl)c2Cl)c1,-8.94
Nc1ccc(-c2ccc(N)c(Cl)c2)cc1Cl,-4.92
COCCNC(=O)C(NC(=O)C(Cc1cc(OC)c(OC)c(OC)c1)CC(O)C(Cc1ccccc1)NC(=O)OC(C)(C)C)C(C)C,4
C=CCC1(c2ccccc2)C(=O)NC(=O)NC1=O,-2.369
CCOC(N)=O,0.85
c1ccc2c(c1)[nH]c1ccccc12,-5.27
C=C(C)C(=O)O,0.01
Cn1c(=O)cc[nH]c1=S,-2.43
c1ccc2scnc2c1,-1.5
CCCCCCCCC(C)=O,-3.3
CCN1c2nc(N(C)CCO)ccc2NC(=O)c2cccnc21,-3.36
Oc1ccc2ncccc2c1,-2.16
CCOP(=S)(OCC)SC(CCl)N1C(=O)c2ccccc2C1=O,-6.34
CCCCC1C(=O)N(c2ccccc2)N(c2ccccc2)C1=O,-3.81
CC1CCC2(OC1)OC1CC3C4CC=C5CC(O)CCC5(C)C4CCC3(C)C1C2C,-7.32
Cc1cc(=O)c2ccccc2[nH]1,-1.2
CC(=O)OCCC(C)C,-1.92
CCOC(=O)c1ccccc1,-2.32
Cc1ccccc1C(C)C,-3.76
O=C1CCCO1,1.07
O=C(O)COc1ccccc1Cl,-2.16
Clc1cccc(Cl)c1-c1c(Cl)cccc1Cl,-7.39
CC(=O)Nc1ccc(F)cc1,-1.78
CCCCCC=O,-1.3
CCN1c2cc(Cl)ccc2NC(=O)c2cccnc21,-5.36
C=C(Br)CC1(C(C)CC)C(=O)NC(=O)NC1=O,-2.647
Cc1cccc2c1Cc1ccccc1-2,-5.22
CCCCCCCCCC(=O)OCC,-4.1
Clc1c(Cl)c(Cl)c(-c2c(Cl)c(Cl)c(Cl)c(Cl)c2Cl)c(Cl)c1Cl,-11.6
C=CCOc1ccccc1OCC(O)CNC(C)C,0.38
CCNc1nc(Cl)nc(NC(C)(C)C#N)n1,-3.15
c1cc2ccc3ccc4ccc5ccc6ccc1c1c2c3c4c5c61,-9.332
CCOP(=S)(OCC)SCCSCC,-4.23
CC12CCC3C(CCC4CC5SC5CC43C)C1CCC2O,-5.41
Cc1ccc(N(C)C(=O)NC(C)(C)c2ccccc2)cc1,-3.35
CC(C)CC(NC(=O)C(N)Cc1c[nH]c2ccccc12)C(=O)O,-1.7612
CCC(=O)CC,-0.28
Cc1ccc(NC(=O)N(C)C)cc1Cl,-3.46
FC(F)(F)c1ccccc1,-2.51
COc1c2occc2c(OC)c2c(=O)cc(C)oc12,-3.021
CC12CCC(=O)C=C1CCC1C2C(=O)CC2(C)C1CCC2(O)C(=O)CO,-3.11
COc1ccccc1OCC(O)COC(N)=O,-0.985
c1cc(-c2ccncc2)ccn1,-1.54
CCc1ccccc1O,-1.36
ClC1=C(Cl)C(Cl)(C2(Cl)C(Cl)=C(Cl)C(Cl)=C2Cl)C(Cl)=C1Cl,-7.278
CCc1ccccc1C,-3.21
C#CC1(O)CCC2C3CCC4=CC(=O)CCC4(C)C3CCC21C,-5.66
CC(C)C(N)C(=O)O,-0.3098
CC(C)CCC(C)O,-1.38
CC(=O)OCC1=C(C(=O)O)N2C(=O)C(NC(=O)Cc3cccs3)C2SC1,-2.938
Clc1ccc(-c2cc(Cl)ccc2Cl)cc1,-6.27
c1ccc2c(c1)ccc1c3ccc4ccccc4c3[nH]c21,-7.42
Cc1ccccc1[N+](=O)[O-],-2.33
COc1ccc(Cc2nccc3cc(OC)c(OC)cc23)cc1OC,-3.87
FC(F)(Cl)C(F)(Cl)Cl,-3.04
CCCCCCCCCCCCCC,-7.96
CCC(O)C(C)C,-0.7
COC1=CC=C2C3Cc4ccc(OC)c5c4C2(CCN3C)C1O5,-2.66
Clc1cccc(Br)c1,-3.21
CCCCCCCCCCCCO,-4.8
Oc1ccccc1Cl,-1.06
CCC(C)n1c(=O)[nH]c(C)c(Br)c1=O,-2.523
ClC(Cl)C(Cl)Cl,-1.74
CC(=O)Nc1ccccc1Cl,-1.4
CC(=O)OC1CCC2C3CCC4=CC(=O)CCC4(C)C3CCC12C,-5.184
Clc1ccc(-c2ccc(Cl)cc2Cl)cc1,-6.21
ClC1=C(Cl)C2(Cl)C3C(Cl)C(Cl)CC3C1(Cl)C2(Cl)Cl,-6.86
CCCCCC(C)=O,-1.45
CC(Cl)C(C)(C)Cl,-2.69
COc1ccc(Oc2ccc(NC(=O)N(C)C)cc2)cc1,-4.16
CN(C)c1ncc2nccnc2n1,0.021
NC(Cc1c[nH]cn1)C(=O)O,-0.53
COP(=S)(OC)Oc1ccc(Sc2ccc(OP(=S)(OC)OC)cc2)cc1,-6.237
CC(=O)CC1CCCCN1,-0.45
Clc1ccc(-c2ccc(Cl)cc2)cc1,-6.56
CCCC(C)(C)CO,-1.52
CC1CCCCC1=O,-0.94
Nc1ccc(S(=O)(=O)Nc2ccnn2-c2ccccc2)cc1,-2.32
COC(=O)c1cc(O)c(O)c(O)c1,-1.24
COC(=O)C1C2C=CC(C2)C1C(=O)OC,-1.2
Clc1cc(Cl)c(Cl)c(Cl)c1,-4.63
c1cc[nH]c1,-0.17
O=C1CC2OCC=C3CN4CCC56c7ccccc7N1C5C2C3CC46,-3.32
Nc1cnn(-c2ccccc2)c(=O)c1Cl,-2.878
CN(C)CCCN1c2ccccc2Sc2ccc(C(F)(F)F)cc21,-5.3
CCCCC(C)C(C)O,-1.72
Nc1ccccc1[N+](=O)[O-],-1.96
Cc1ccc2cc(C)ccc2c1,-4.89
CC12CCC(=O)C=C1CCC1C2CCC2(C)C(O)CCC12,-4.02
Fc1cc(F)c(F)c(F)c1,-2.31
CN(C)C(=O)Nc1ccc(Cl)c(Cl)c1,-3.8
Cc1cccc(Oc2cccc(C)c2)c1,-4.85
COc1cccc(Cl)c1,-2.78
CN1C2CCC1CC(OC(=O)C(CO)c1ccccc1)C2,-1.91
CN(C)C1C(=O)C(=C(N)O)C(=O)C2(O)C(=O)[C-]3C(=O)c4c([O-])cccc4C(C)(O)C3C(O)C12.O.O.[Na+].[Na+],-3.14
CN(C)NC(=O)CCC(=O)O,-0.2
Cc1ccc2c(c1)C(=O)N(C)c1cc(N)ccc1O2,-3.928
CC(CCC(=O)O)C1CCC2C3C(O)CC4CC(O)CCC4(C)C3CCC12C,-3.64
CC(C)(C)NCC(O)c1ccc(O)c(CO)c1,-1.22
CNC(C)C(O)c1ccccc1,-0.42
Cc1ccccc1,-2.21
CCC1(C2=CCCCCC2)C(=O)[N-]C(=O)NC1=O.[Na+],-3
Clc1cc(Cl)c(-c2ccccc2Cl)cc1Cl,-6.57
CCCn1c(=O)c2c(ncn2C)n(C)c1=O,1.228
C1=CCCCC1,-2.59
CN(N=O)C(N)=O,-0.85
Clc1ccc(-c2c(Cl)cc(Cl)c(Cl)c2Cl)c(Cl)c1Cl,-7.66
CNCC(O)c1cccc(O)c1,0.58
Cc1ccccc1Br,-2.23
CSC,-0.45
CCN1CCN(c2cc3c(cc2F)c(=O)c(C(=O)O)cn3C2CC2)CC1,-3.1811
CCCCc1c(C)nc(NCC)[nH]c1=O,-3.028
O=c1ccc2ccccc2o1,-1.89
CC1(C(=O)O)CCC(C(=O)O)C1(C)C,-1.42
CCOc1ccc(C=O)cc1OC,-2.19
Brc1cc(Br)cc(Br)c1,-5.6
CCOC(=O)C1(c2ccccc2)CCN(C)CC1,-1.89
Clc1c(Cl)c(Cl)c2c(c1Cl)Oc1ccccc1O2,-8.77
CCOP(=S)(NC(C)C)Oc1ccccc1C(=O)OC(C)C,-4.194
COc1ccc(CC2NCC(O)C2OC(C)=O)cc1,-1.61
C1CCOC1,0.49
Ic1ccccc1,-3.01
CCCn1c(=O)cc[nH]c1=S,-2.15
O=[N+]([O-])c1ccccc1Cl,-2.55
CCCCCCCCCCCCCC(=O)O,-5.33
COc1c(Cl)ccc(Cl)c1C(=O)O,-1.7
c1ccc2c(c1)ccc1ncccc12,-3.36
CCCC1CCCCN1,-1.5
CC(C)CC(N)C(=O)NC(C(=O)O)C(C)C,-0.1748
COP(=S)(OC)Oc1ccc(SC)c(C)c1,-4.57
CCCOC(C)C,-1.34
CC12CCC3c4ccc(O)cc4CCC3C1CCC2O,-5.03
CCOP(=S)(OCC)SCSCC,-4.11
CC1(C)CCCCC1,-4.27
ClC(Cl)Br,-1.54
Brc1cc(Br)c(Br)cc1Br,-6.98
Cc1ncc([N+](=O)[O-])n1CCO,-1.22
Cc1cnc(C(=O)NCCc2ccc(S(=O)(=O)NC(=O)NC3CCCCC3)cc2)cn1,-5.46
Cc1cc(=O)[nH]c(=O)[nH]1,-1.26
Clc1ccccc1-c1cc(Cl)c(Cl)c(Cl)c1Cl,-7.21
CCCCc1c(C)nc(NCC)nc1OS(=O)(=O)N(C)C,-4.16
C=CCC1(C(C)CC)C(=O)NC(=O)NC1=O,-2.016
CC1(c2ccccc2)C(=O)NC(=O)NC1=O,2.387
O=C(Nc1ccccc1)Nc1ccccc1,-3.15
O=CC(O)C(O)C(O)CO,0.39
CCCCOCN(C(=O)CCl)c1c(CC)cccc1CC,-4.19
CCC(N)C(=O)O,0.31
CCOCCOCC,-0.77
CCN1c2cc(N(C)C)cc(C)c2NC(=O)c2cccnc21,-4.871
FC1(F)C(F)(F)C(F)(F)C1(F)F,-3.92
CCCCCCC(=O)OCC,-2.74
CCCCCC(=O)OCN1C(=O)NC(c2ccccc2)(c2ccccc2)C1=O,-5.886
Oc1c(Cl)cc(Cl)cc1Cl,-2.34
CC1(C)SC2C(NC(=O)C(N)c3ccc(O)cc3)C(=O)N2C1C(=O)O,-1.97
CC(C)(S)C(N)C(=O)O,-0.13
CCCC1CCCC1,-4.74
CC=C(C(=CC)c1ccc(O)cc1)c1ccc(O)cc1,-4.95
Oc1cnc2cncnc2n1,2.132
Clc1ccc(Oc2ccccc2Cl)cc1,-5.52
COc1c(Cl)cc(Cl)cc1Cl,-4.2
CCc1nc(N)nc(N)c1-c1ccc(Cl)cc1,-4.11
Nc1nc(O)c2nc(CNc3ccc(C(=O)NC(CCC(=O)O)C(=O)O)cc3)cnc2n1,-5.25
CC(=O)OC1(C(C)=O)CCC2C3C=C(Cl)C4=CC(=O)C=CC4(C)C3CCC21C,-4.95
O=C(O)c1cc(-c2ccc(F)cc2F)ccc1O,-5.94
OC1CC(O)C(O)C(O)C1O,-0.17
Oc1ccc(Cl)cc1,-0.7
CCCCCCCC(=O)OCC,-3.39
O=C1CCCN1,1.07
Clc1cccc(-c2cc(Cl)c(Cl)c(Cl)c2Cl)c1Cl,-8.42
CNC(=O)Oc1ccccc1OC(C)C,-2.05
Cc1ccc([N+](=O)[O-])cc1[N+](=O)[O-],-2.82
Clc1cc(-c2cc(Cl)c(Cl)c(Cl)c2Cl)c(Cl)c(Cl)c1Cl,-9.16
CCC1C2CC3C4N(C)c5ccccc5C45CC(C2C5O)N3C1O,-2.82
Cc1cc(Cl)ccc1OCC(=O)O,-2.23
CCN(CC)C(=O)CSc1ccc(Cl)nn1,-1.716
N#CCCl,-0.092
Nc1nccs1,-0.36
COP(=O)(OC)OC(Br)C(Cl)(Cl)Br,-2.28
CCOc1ccc2nc(S(N)(=O)=O)sc2c1,-3.81
CC(=O)O,1.22
ClCC(Cl)CCl,-1.92
C=CC(N)=O,0.96
O=CNC(N1C=CN(C(NC=O)C(Cl)(Cl)Cl)C=C1)C(Cl)(Cl)Cl,-4.19
CCC(CO)NCCNC(CC)CO,0.53
OC1COC(O)C(O)C1O,0.39
CCN1c2ncccc2C(=O)Nc2c(C)cc(C)nc21,-4.554
CC(CCC(=O)O)C1CCC2C3C(O)C(O)C4CC(O)CCC4(C)C3CCC12C,-4.35
O=C1CNC(=O)CN1,-0.83
CN(C(=O)COc1nc2ccccc2s1)c1ccccc1,-4.873
CCCCCCCC(=O)O,-2.3
Brc1ccc(Br)c(-c2cc(Br)ccc2Br)c1,-8.06
CC(C)CC(C)C,-4.26
CCCCNC(=O)NS(=O)(=O)c1ccc(N)cc1,-2.18
CC(C)CC(C)O,-0.8
CCCCCC(=O)OC,-1.87
O=C1CN=C(c2ccccc2)c2cc([N+](=O)[O-])ccc2N1,-3.796
CCOC(=O)CC(SP(=S)(OC)OC)C(=O)OCC,-3.37
CCc1cccs1,-2.59
Cc1noc(NS(=O)(=O)c2ccc(N)cc2)c1C,-2.91
CNCCCN1c2ccccc2CCc2ccccc21,-3.66
NC(Cc1ccc(O)c(O)c1)C(=O)O,-1.6
CCCCC(C)O,-0.89
CCC(=O)Nc1ccc(Cl)c(Cl)c1,-3
C1CCCCCC1,-3.51
CC(C)=CCCC(C)=CC=O,-2.06
CC(=O)Nc1nnc(S(N)(=O)=O)s1,-2.36
COc1ccccc1OC,-1.31
Nc1cnn(-c2ccccc2)c(=O)c1Br,-3.127
CCCCCCCCCC(=O)OC,-4.69
CCN1c2ccccc2N(C)C(=S)c2cccnc21,-4.706
c1ccc2cnccc2c1,-1.45
N=C(N)N[N+](=O)[O-],-1.37
N#Cc1ccccc1C#N,-2.38
OCc1cccnc1,0.96
Cc1ccc2c(c1)Oc1ncc(N)cc1C(=O)N2C,-3.043
Cc1ccccc1S(N)(=O)=O,-2.02
C=CC(=O)CCC,-0.83
CC(=O)CC(c1ccccc1)c1c(O)oc2ccccc2c1=O,-3.89
O=c1nc(-c2ccccc2)oc2ccccc12,-4.61
NC(=O)N1c2ccccc2C=Cc2ccccc21,3.4
NC(=O)c1ccccc1O,-1.82
Cc1cc(O)ccc1Cl,-1.57
CCCCC(C)(C)O,-1.08
CC(=O)C1(O)CCC2C3CC(C)C4=CC(=O)C=CC4(C)C3(F)C(O)CC21C,-4.099
O=C(O)Cc1cccc2ccccc12,-2.65
Cc1nc(N(C)C)nc(OC(=O)N(C)C)c1C,-1.95
CN1CC(O)N(c2nnc(C(C)(C)C)s2)C1=O,-1.877
Cc1c[nH]c(=O)[nH]c1=O,-1.506
CCNc1nc(Cl)nc(NCC)n1,-4.55
CC1CNCCN1,0.74
COC(C)(C)CCCC(C)CC=CC(C)=CC(=O)OC(C)C,-5.19
Clc1ccc(-c2ccc(Cl)c(Cl)c2)c(Cl)c1,-7.8
Cc1ccccc1C(=O)O,-2.06
CCNc1nc(NC(C)(C)C)nc(SC)n1,-4
Oc1ccc(O)cc1,-0.17
CN(C)C1C(=O)C(=C(N)O)C(=O)C2(O)C(=O)C3=C(O)c4c(O)ccc(Cl)c4C(C)(O)C3CC12.[Cl-].[H+],-2.88
NCC(=O)NC(Cc1c[nH]c2ccccc12)C(=O)O,-1.8856
CC1=CC(=O)c2ccccc2C1=O,-3.03
CC(=O)NC(N)=O,-0.9
Fc1cccc(F)c1,-2
NC(=O)c1cnccn1,-0.667
CC1CCC(C(C)C)C(=O)C1,-2.35
CC(C)C(C)C,-3.65
O=C1NS(=O)(=O)c2ccccc21,-1.64
CCCC(C)C1(CC)C(=O)NC(=O)NC1=O,-2.39
ClCc1ccccc1,-2.39
CC(C)C(C)O,-0.18
CC#N,0.26
COP(=S)(OC)Oc1cc(Cl)c(Br)cc1Cl,-6.09
Oc1ccc(Cl)c(Cl)c1Cl,-2.67
CCCCCCCCCCO,-3.63
O=c1[nH]c(=O)c2[nH]cnc2[nH]1,2.523
CCC1(c2ccccc2)C(=O)NCNC1=O,-2.64
FC(F)(Cl)Cl,-1.99
C=C(Cl)Cl,-1.64
CCCCN(C)C(=O)Nc1ccc(Cl)c(Cl)c1,-4.77
O=C(O)c1ccc(Cl)cc1,-3.31
CC(C)=CCC1(C(C)C)C(=O)NC(=O)NC1=O,-2.593
CC(C)CCC(C)(C)C,-5.05
CCCCCCCCC(=O)OCC,-3.8
Oc1cccc(Cl)c1Cl,-1.3
CC(=O)Nc1ccccc1O,-2.24
Nc1ccc(N=Nc2ccccc2)c(N)n1,-4.1933
Cc1cc(O)cc(C)c1Cl,-2.8
Clc1ccc(-c2ccc(Cl)c(Cl)c2)cc1,-7.06
CCCCCCCOC(=O)c1ccc(N)cc1,-4.6
COC(=O)C1=C(C)NC(C)=C(C(=O)OC)C1c1ccccc1[N+](=O)[O-],-4.76
CCc1ccccc1,-2.77
CC=CC=CC(=O)O,-1.77
O=C(CO)C(O)C(O)C(O)CO,0.64
CCCCCCCCCCCCCCC(=O)O,-4.31
Cc1cccc([N+](=O)[O-])c1,-2.44
O=C(CC(Cl)Cl)NC1=C(Cl)C(=O)c2ccccc2C1=O,-5.03
CC1CCC(C(C)C)C(O)C1,-2.53
NC(Cc1ccc(O)cc1)C(=O)O,-2.57
FC(F)(Cl)C(F)(F)Cl,-2.74
Cc1ccc(C(C)C)cc1,-3.77
CC1(C)C(=O)NC(=O)NC1=O,-1.742
CC=CCCCC,-3.82
O[Sn](C1CCCCC1)(C1CCCCC1)C1CCCCC1,-5.59
Cc1cc(O)no1,-0.07
c1ccsc1,-1.33
CC(C)C(C)(C)C,-4.36
CC1=C(C(=O)Nc2ccccc2)S(=O)(=O)CCO1,-2.281
CC(C)C(C)(C)O,-0.41
CC12CCC3C(CCC4CC(=O)CCC43C)C1CCC2=O,-3.76
Clc1ccc2c(c1)Oc1c(Cl)c(Cl)c(Cl)c(Cl)c1O2,-9.48
O=[N+]([O-])c1ccc([N+](=O)[O-])cc1,-3.39
CCOP(=S)(OCC)Oc1cc(C)nc(C(C)C)n1,-3.64
CCc1ccc2cc3ccccc3cc2c1,-6.89
Clc1ccc2c(c1)Oc1ccccc1O2,-5.87
C1CNCCN1,1.07
CC1CN(c2c(F)c(N)c3c(=O)c(C(=O)O)cn(C4CC4)c3c2F)CC(C)N1,-3.3711
Clc1cccc(Cl)c1-c1ccccc1,-5.21
CC(C)=CCC1(C)C(=O)NC(=O)NC1=O,2.62
O=C(Oc1ccccc1)c1ccccc1O,-3.15
CC(C)CCl,-2
Brc1ccc(Br)cc1,-4.07
ONc1ccccc1,-0.74
Clc1ccc(-c2cc(Cl)c(Cl)cc2Cl)cc1Cl,-7.39
O=[N+]([O-])C(Cl)(Cl)Cl,-2
O=c1cccc2n1CC1CNCC2C1,0.36
CC(=O)OC1(C(C)=O)CCC2C3C=C(C)C4=CC(=O)CCC4(C)C3CCC21C,-5.35
CCCCCC(O)C=CC1C(O)CC(=O)C1CC=CCCCC(=O)O,-2.47
ClC(Cl)Cl,-1.17
CN(C)C1C(O)=C(C(N)=O)C(=O)C2(O)C(O)=C3C(=O)c4c(O)cccc4C(C)(O)C3CC12,-3.12
CC1(C)C(C=C(Cl)Cl)C1C(=O)OCc1cccc(Oc2ccccc2)c1,-6.291
CC(C)CCO,-0.51
CC(=O)O.CCC(N)Cc1c[nH]c2ccccc12,-2.57
CCN(CC)CC,-0.14
C#CC1(O)CCC2C3CCc4cc(O)ccc4C3CCC21C,-4.3
Cc1nnc(NS(=O)(=O)c2ccc(N)cc2)s1,-2.78
CC1c2cccc(O)c2C(=O)C2=C(O)C3(O)C(=O)C(C(N)=O)=C(O)C(N(C)C)C3C(O)C21,-2.87
O=[N+]([O-])c1ccc(C=NO)o1,-2.19
CCCCNC(=O)NS(=O)(=O)c1ccc(C)cc1,-3.39
NC(=O)c1cccnc1,0.61
CCCCCCC(=O)OCN1C(=O)NC(c2ccccc2)(c2ccccc2)C1=O,-6.301
CCCCCCCCCCCCCCCCO,-7
CS(=O)(=O)c1ccc(C(O)C(CO)NC(=O)C(Cl)Cl)cc1,-2.154
ClCCCBr,-1.85
Cc1ccc(O)cc1,-0.73
Nc1ncnc2nccnc12,2.322
O=Cc1ccco1,-0.1
COC(=O)c1cc(Oc2ccc(Cl)cc2Cl)ccc1[N+](=O)[O-],-6
CNC(=O)Oc1ccccc1C1OCCO1,-1.57
Clc1cc2c(c(Cl)c1Cl)Oc1c(Cl)c(Cl)c(Cl)c(Cl)c1O2,-11.25
CCCCCCl,-2.73
O=[N+]([O-])OC1COC2C(O[N+](=O)[O-])COC12,-2.63
C[N+](C)(C)CC(=O)[O-],0.72
O=C1CC(c2ccc(O)c(O)c2)Oc2cc(O)cc(O)c21,-3.62
Cc1c[nH]c(=S)[nH]c1=O,-2.45
CC(C)=CCCC(C)=CCO,-2.46
COC(=O)c1ccccc1,-1.85
CCCOCC,-0.66
O=C1NC(=O)C2(CCCCCC2)C(=O)N1,-3.168
CCOP(=S)(OCC)N1C(=O)c2ccccc2C1=O,-3.35
Cn1c(=O)on(-c2ccc(Cl)c(Cl)c2)c1=O,-2.82
NC(=O)c1ccccc1,-0.96
CSc1ccccc1,-2.39
OCC(O)C(O)C(O)C(O)CO,0.06
CCCCCCO,-1.24
CCCCCCN,-1.1
CC(=O)N(c1onc(C)c1C)S(=O)(=O)c1ccc(N)cc1,-3.59
Clc1cc(Cl)c2c(c1Cl)Oc1ccccc1O2,-7.58
CCNC(=O)C(C)OC(=O)Nc1ccccc1,-1.83
CCCCCCC,-4.53
CCC(=O)OC,-0.14
Nc1ccccc1N,-0.42
Nc1ccccc1O,-0.72
ICI,-2.34
Clc1ccc(-c2c(Cl)ccc(Cl)c2Cl)c(Cl)c1,-7.43
CC(C)N(C(=O)SCC(Cl)=C(Cl)Cl)C(C)C,-4.88
O=C(O)c1cn(C2CC2)c2cc(N3CCNCC3)c(F)cc2c1=O,-3.5965
Clc1ccc(I)cc1,-4.03
CC=CC=O,0.32
O=C1C=CC(=O)C=C1.Oc1ccc(O)cc1,-1.73
CC(N)CC(=O)O,1.08
O=C(NC(=O)c1c(F)cccc1F)Nc1ccc(Cl)cc1,-6.02
COP(=O)(OC)OC(=CCl)c1cc(Cl)c(Cl)cc1Cl,-4.522
COc1ccccc1O,-1.96
NC(Cc1c[nH]c2ccccc12)C(=O)O,-1.23
Oc1cc(Cl)cc(Cl)c1,-1.34
Cc1cccc(Cl)c1,-3.52
CC(C)C(C)C(C)C,-4.8
CCOC(=O)Nc1cccc(OC(=O)Nc2ccccc2)c1,-4.632
OCC1OC(O)(CO)C(O)C1O,0.64
c1ccc2c(c1)cnc1ccccc12,-2.78
Clc1ccc(Br)cc1,-3.63
COc1cc(Cl)c(Cl)c(Cl)c1OCl,-4.02
Oc1ccncc1,1.02
COc1cccc(Cl)c1Cl,-3.31
Cc1ccc(C)nc1,0.4
Nc1ccc(Br)cc1C(=O)O,-3.0743
CCCCCCCCCO,-3.01
O=c1nc[nH]c2c1ncn2C1OC(CO)C(O)C1O,-1.23
Clc1ccc(Cl)c(-c2ccccc2)c1Cl,-6.29
Cc1ccncc1C,0.36
CCOC(=O)CCN(SN(C)C(=O)Oc1cccc2c1OC(C)(C)C2)C(C)C,-4.71
Clc1ccc(-c2c(Cl)cc(Cl)cc2Cl)cc1,-6.94
NC(=O)OCc1ccccc1,-0.35
CSCCC(N)C(=O)O,-0.42
CC(=O)CC(c1ccc(Cl)cc1)c1c(O)c2ccccc2oc1=O,-5.839
CCCCOC(=O)c1ccccc1,-3.48
Fc1ccc(I)cc1,-3.13
CC(=O)c1ccccc1,-1.28
CON(C)C(=O)Nc1ccc(Cl)cc1,-2.57
OC(O)C(Cl)(Cl)Cl,1.7
CCNc1nc(Cl)nc(NC(C)C)n1,-3.85
CC1COC2CC3(C)C(CC4C5C=C6CC(O)CCC6(C)CC5CCC43C)OC2C1,-7.32
Cc1ccc(S(=O)(=O)NC(=O)NN2CC3CCCC3C2)cc1,4.07
CC=C(C)C,-2.56
CC(C)N(CCC(C(N)=O)(c1ccccc1)c1ccccn1)C(C)C,1.745
Cc1cnc(S)nc1O,-2.45
CCC1(C2=CCCCCC2)C(=O)NC(=O)NC1=O,-3
Cc1ccc(O)cc1C,-1.38
CCC(C)C1(CC)C(=O)NC(=O)NC1=O,-2.39
CCC(C)=O,0.52
CNC(=O)ON=C(CSC)C(C)(C)C,-1.62
Cc1ccc(O)c(C)c1,-1.19
OCCOc1ccccc1,-0.7
Clc1ccc(-c2ccc(Cl)c(Cl)c2)cc1Cl,-8.53
Cc1c(C)c2c3ccccc3ccc2c2ccccc12,-7.01
CCCCCCOC(N)=O,-1.92
CCOC(=O)C(c1c(O)oc2ccccc2c1=O)c1c(O)oc2ccccc2c1=O,-3.66
S=c1[nH]cnc2nccnc12,-2.77
CC(C)OC(=O)C(O)(c1ccc(Cl)cc1)c1cccc(Cl)c1,-4.53
C=CCc1ccccc1OCC(O)CNC(C)C.[Cl-].[H+],-2.6342
COC(=O)Nc1cccc(OC(=O)Nc2cccc(C)c2)c1,-4.805
CC(=O)Nc1ccc(O)cc1,-1.03
CCC(O)(CC)CC,-0.85
CNC(=O)CSP(=S)(OC)OC,-0.74
CCOc1ccc(NC(N)=O)cc1,-2.17
Cc1ccc(CO)cc1,-1.2
CC(C)CBr,-2.43
CCC(C)c1ccccc1,-3.89
CC(=O)NS(=O)(=O)c1ccc(N)cc1,-1.23
O=[N+]([O-])c1cccc(O)c1,-1.01
O=C(NC(=O)c1c(F)cccc1F)Nc1cc(Cl)c(F)c(Cl)c1F,-7.28
OCC1(O)OCC(O)C(O)C1O,0.64
CC(=O)OCC(=O)C1(O)C(C)CC2C3CCC4=CC(=O)C=CC4(C)C3(F)C(O)CC21C.O,-4.9
CCCCOCCCC,-1.85
CC(=O)CC(C)=O,0.22
C#CCN(C)C(C)Cc1ccccc1.[Cl-].[H+],-2.5125
COc1cnc2cncnc2n1,-0.91
O=C(O)c1ccc(O)cc1,-1.41
O=c1nc[nH]c2nc[nH]c12,-2.29
CC(O)c1ccccc1,-0.92
CC(C)(C)CCO,-0.5
CC1CC=CC=CC=CC=CC(OC2OC(C)C(O)C(N)C2O)CC2OC(O)(CC(O)CC3OC3C=CC(=O)O1)CC(O)C2C(=O)O,-3.21
CC12CCC3c4ccc(O)cc4CCC3C1CC(O)C2O,-4.955
NCC(O)c1ccccc1,-0.48
CCN(CC)C(=O)C(Cl)=C(C)OP(=O)(OC)OC,0.52
O=c1[nH]c(=O)c2[nH]c(=O)[nH]c2[nH]1,-3.93
C=CC(C)C,-2.73
CCc1ccccc1CC,-3.28
NC(=O)NCc1ccccc1,-0.95
CN(C)C(=O)NC1CCCCCCC1,-2.218
NC(Cc1ccc(O)cc1)C(=O)NCC(=O)NCC(=O)O,-1.4703
Clc1ccccc1Oc1ccccc1,-4.78
CC(C)(C)c1nnc(NS(=O)(=O)c2ccc(N)cc2)s1,-3.74
ClCC(Br)CBr,-2.38
CCSCc1ccccc1OC(=O)NC,-2.09
CCCCNC(=O)n1c(NC(=O)OC)nc2ccccc21,-4.883